name,season,team,player,score,position,age,goals,period,order,last
England fa cup,2020-2021,Milton Keynes Dons vs Burnley,Regan Poole,o,df,22,1,1,1,0
,,,Matej Vydra,x,fw,28,55,3,1,0
,,,Joe Mason,o,mf,29,32,1,2,0
,,,Matthew Lowton,o,df,31,4,6,2,0
,,,Lasse Sorensen,x,mf,21,0,1,3,0
,,,Dale Stephens,o,mf,31,17,1,3,0
,,,Ben Gladwin,x,mf,28,2,1,4,0
,,,Josh Benson,o,mf,21,0,1,4,0
,,,Scott Fraser,o,mf,25,14,1,5,1
,,,Phil Bardsley,o,df,35,7,4,5,1
,,Blackpool vs WBA,Jerry Yates,x,fw,24,22,1,1,0
,,,Kamil Grosicki,o,mf,32,39,2,1,0
,,,Kenneth Dougall,o,mf,27,6,1,2,0
,,,Kyle Edwards,x,mf,22,3,3,2,0
,,,James Husband,o,df,26,1,2,3,0
,,,Darnell Furlong,x,df,25,4,2,3,0
,,,Gary Madine,o,fw,30,27,2,4,0
,,,Jake Livermore,o,mf,31,16,5,4,0
,,,Sullay Kaikai,x,mf,25,14,2,5,1
,,,Matheus Pereira,x,mf,24,33,2,5,1
,,Newport vs brighton,Josh Sheehan,x,mf,25,5,2,1,0
,,,Pascal Gross,o,mf,29,21,4,1,0
,,,Mickey Demetriou,x,df,30,4,2,2,0
,,,Neal Maupay,x,fw,24,54,2,2,0
,,,Joss Labadie,o,mf,30,8,2,3,0
,,,Yves Bissouma,x,mf,24,5,3,3,0
,,,Ryan Taylor,o,fw,32,2,1,4,0
,,,Lewis Dunk,o,df,29,22,8,4,0
,,,Liam Shephard,x,df,26,2,1,5,0
,,,Leandro Trossard,x,mf,26,16,2,5,0
,,,Jamie Proctor,o,fw,28,5,1,6,0
,,,Davy Propper,o,mf,29,34,3,6,0
,,,Scot Bennett,x,mf,30,3,2,7,1
,,,Adam Webstar,o,df,25,8,2,7,1
,2021-2022,QPR vs Rotherham,Lyndon Dykes,o,fw,26,26,2,1,0
,,,Michael Smith,o,fw,30,37,3,1,0
,,,Stefan Johansen,o,mf,30,30,1,2,0
,,,Oliver Rathbone,o,mf,25,5,1,2,0
,,,Andre Gray,o,fw,30,80,1,3,0
,,,Wes harding,x,df,25,0,2,3,0
,,,Andre Dozzell,x,mf,22,2,1,4,0
,,,Joshus Kayode,o,fw,21,5,1,4,0
,,,Albert Adomah,o,mf,34,51,2,5,0
,,,Hakeem Odoffin,o,mf,23,0,1,5,0
,,,Luke Amos,o,mf,24,8,3,6,0
,,,Jamie Lindsay,o,mf,26,4,2,6,0
,,,Yoann Barbet,o,df,28,10,3,7,0
,,,Tolaji Bola,o,mf,22,0,1,7,0
,,,Jimmy Dunne,o,df,24,5,1,8,0
,,,Michael ihiekwe,o,df,29,7,3,8,0
,,,Rob Dickie,o,df,25,6,2,9,1
,,,Chiedozie Ogbene,x,mf,24,3,2,9,1
,,Middlesbrough vs Man utd,Paddy McNair,o,df,26,19,4,1,0
,,,Juan Mata,o,mf,33,86,9,1,0
,,,Martin Payero,o,mf,23,2,1,2,0
,,,Harry Maguire,o,df,28,15,3,2,0
,,,Jonny Howson,o,mf,33,29,5,3,0
,,,Fred,o,mf,28,11,4,3,0
,,,Marcus Tavernier,o,mf,22,15,5,4,0
,,,Cristiano Ronaldo,o,fw,36,551,4,4,0
,,,Sol Bamba,o,mf,36,15,1,5,0
,,,Bruno Fernandes,o,mf,27,117,3,5,0
,,,Duncan Watmore,o,fw,27,19,2,6,0
,,,Scott Mctominay,o,mf,25,12,6,6,0
,,,Dael Fry,o,df,24,2,6,7,0
,,,Diogo Dalot,o,df,22,2,3,7,0
,,,Lee Peltier,o,mf,35,1,1,8,1
,,,Anthony Elanga,x,mf,19,4,2,8,1
,,Chelsea vs Liverpool,Marcos Alonso,o,df,31,33,4,1,0
,,,James Milner,o,mf,35,46,7,1,0
,,,Cesar Azpilicueta,x,df,32,16,10,2,0
,,,Thiago Alcantara,o,mf,30,38,2,2,0
,,,Reece James,o,df,22,11,3,3,0
,,,Roberto Firmino,o,fw,30,134,7,3,0
,,,Ross Barkley,o,mf,28,31,5,4,0
,,,Trent Alexander-arnold,o,df,23,11,6,4,0
,,,Jorginho,o,mf,30,36,4,5,0
,,,Sadio Mane,x,fw,29,143,6,5,0
,,,Hakim Ziyech,o,mf,28,96,2,6,0
,,,Diogo Jota,o,fw,25,84,2,6,0
,,,Mason Mount,x,mf,22,51,3,7,1
,,,Kostas Tsimikas,o,df,25,8,2,7,1
,2022-2023,Brighton vs Man utd,Alexis Mac Allistar,o,mf,24,25,4,1,0
,,,Casemiro,o,mf,31,38,1,1,0
,,,Pascal Gross,o,mf,31,32,6,2,0
,,,Diogo Dalot,o,df,24,2,5,2,0
,,,Deniz Undav,o,fw,26,21,1,3,0
,,,Jadon Sancho,o,mf,23,53,2,3,0
,,,Pervis Estupinan,o,df,25,2,1,4,0
,,,Marcus Rashford,o,fw,25,114,8,4,0
,,,Lewis Dunk,o,df,31,24,10,5,0
,,,Marcel Sabitzer,o,mf,29,49,1,5,0
,,,Adam Webstar,o,df,28,11,4,6,0
,,,Wout Weghorst,o,fw,30,125,1,6,0
,,,Solly March,x,mf,28,18,10,7,1
,,,Victor Lindelof,o,df,28,5,5,7,1
England League cup,2020-2021,Stoke vs Blackpool,James mcClean,x,mf,31,32,3,1,0
,,,Oliver Sarkic,x,fw,23,0,1,1,0
,,,Tyrese Campbell,o,fw,21,15,4,2,0
,,,CJ Hamilton,o,mf,25,5,1,2,0
,,,Sam Clucas,o,mf,30,28,3,3,0
,,,Keshi Anderson,x,mf,25,2,1,3,0
,,,Jordan Thompson,x,mf,23,2,2,4,0
,,,Ethan Robson,o,mf,24,0,1,4,0
,,,Steven Fletcher,o,fw,33,102,1,5,0
,,,Sullay Kaikai,o,fw,25,14,2,5,0
,,,Bruno Martins,o,df,28,6,5,6,0
,,,James Husband,o,df,26,1,2,6,0
,,,Tashan Oakley-Boothe,o,mf,20,0,2,7,1
,,,Oliver Turton,x,df,28,1,2,7,1
,,Brentford vs Wycombe,Ivan Toney,o,fw,24,33,1,1,0
,,,Joe Jacobson,o,df,34,15,2,1,0
,,,Jan Zamburek,o,mf,19,0,3,2,0
,,,Nick Freeman,x,mf,25,2,2,2,0
,,,Mathias Jensen,x,mf,24,1,1,3,0
,,,Daryl Horgan,o,mf,28,4,1,3,0
,,,Sergi Canos,o,mf,23,30,6,4,0
,,,Scott Kashket,x,fw,24,8,2,4,0
,,,Marcus Forss,o,fw,21,20,3,5,1
,,WBA vs Brentford,Charile Austin,o,fw,31,75,2,1,0
,,,Ivan Toney,o,fw,24,33,2,1,0
,,,Conor Gallagher,o,mf,20,8,1,2,0
,,,Josh Dasilva,o,mf,22,16,3,2,0
,,,Kyle Edwards,o,mf,22,3,3,3,0
,,,Tarique Fosu-Henry,o,mf,25,13,2,3,0
,,,Conor Townsend,o,df,27,0,3,4,0
,,,Marcus Forss,o,fw,21,20,3,4,0
,,,Grady Diangana,x,mf,22,9,2,5,1
,,,Christian Norgaard,o,mf,26,0,1,5,1
,,Newcastle vs Newport,Callum Wilson,o,fw,28,73,1,1,0
,,,Mickey Demetriou,o,df,30,4,2,1,0
,,,Joelinton,x,fw,24,19,2,2,0
,,,Tristan Abrahams,o,fw,22,8,2,2,0
,,,Fabian schar,o,df,29,14,3,3,0
,,,Josh Sheehan,o,mf,25,5,2,3,0
,,,Jonjo Shelvey,o,mf,28,30,6,4,0
,,,Ryan Taylor,x,fw,32,2,1,4,0
,,,Jacob Murphy,o,mf,25,25,3,5,0
,,,Matthew Dolan,o,df,27,7,2,5,0
,,,Sean Longstaff,o,mf,23,2,3,6,1
,,,Brandon Cooper,x,df,20,1,1,6,1
,,Liverpool vs Arsenal,James Milner,o,df,34,46,6,1,0
,,,Alexandre Lacazette,o,fw,29,177,4,1,0
,,,Georginio Wijnaldum,o,mf,30,64,5,2,0
,,,Cedric Soares,o,df,29,2,2,2,0
,,,Takumi Minamino,o,fw,25,11,2,3,0
,,,Mohamed Elneny,x,mf,28,8,5,3,0
,,,Divok Origi,x,fw,25,46,6,4,0
,,,Ainsley Maitland-Niles,o,mf,23,3,6,4,0
,,,Curtis Jones,o,mf,19,3,2,5,0
,,,Nicolas Pepe,o,fw,25,55,2,5,0
,,,Harry Wilson,x,mf,23,32,1,6,1
,,,Joe Willock,o,mf,21,7,4,6,1
,2021-2022,Sheff Wed vs Huddersfield,Sam Hutchinson,o,df,32,6,8,1,0
,,,Jordan Rhodes,o,fw,30,86,1,1,0
,,,Dennis Adeniran,o,mf,22,3,1,2,0
,,,Sorba Thomas,o,fw,22,3,2,2,0
,,,Massimo Luongo,x,mf,29,14,3,3,0
,,,Danel Sinani,o,mf,24,21,1,3,0
,,,Liam Palmer,x,df,30,2,9,4,1
,,,Lewis O'brien,o,mf,23,8,3,4,1
,,Crawley vs Gillingham,Geroge Francomb,o,df,30,8,2,1,0
,,,Olly Lee,o,mf,30,7,2,1,0
,,,Tom Dallison-Libson,o,df,25,3,2,2,0
,,,Vadaine Oliver,o,fw,30,33,2,2,0
,,,Tony Craig,o,df,36,1,2,3,0
,,,Danny Lloyd,o,fw,30,8,1,3,0
,,,Jack Powell,o,mf,27,4,2,4,0
,,,Daniel Phillips,o,mf,20,1,1,4,0
,,,Ashely Nadesan,o,fw,27,14,2,5,0
,,,Stuart O'Keefe,o,mf,30,4,2,5,0
,,,Jake Hessenthaler,o,mf,27,5,2,6,0
,,,David Tutonda,o,df,26,0,1,6,0
,,,James Tilley,o,mf,23,8,2,7,0
,,,Christian Magahoma,o,df,24,0,2,7,0
,,,Will Ferry,o,mf,21,1,1,8,0
,,,Gerlad Sithole,o,fw,19,0,2,8,0
,,,Archie Davies,o,fw,23,1,2,9,0
,,,Max Ehmer,o,df,29,1,1,9,0
,,,Ludwig Francillette,x,df,22,1,1,10,1
,,,Harvey Lintott,o,df,18,0,1,10,1
,,Swindon vs Cambridge U,Jack Payne,x,mf,27,19,2,1,0
,,,Joe Ironside,o,fw,28,27,2,1,0
,,,Harry Mckirdy,x,mf,24,5,1,2,0
,,,Sam Smith,o,fw,23,5,1,2,0
,,,Louis Reed,o,mf,24,2,1,3,0
,,,Geroge Williams,o,df,28,2,1,3,0
,,,Rob Hunt,x,df,26,0,2,4,1
,,Exeter vs Wycombe,Jack Sparkes,x,df,21,5,3,1,0
,,,Daryl Horgan ,o,mf,29,4,2,1,0
,,,Pierce Sweeny,o,df,27,5,3,2,0
,,,Alex Samuel,x,fw,26,2,3,2,0
,,,Ben Seymour,o,fw,22,1,3,3,0
,,,Anis Mehmeti,o,mf,21,10,2,3,0
,,,Jevani Brown,o,fw,27,14,1,4,0
,,,David Stockdale,o,gk,36,0,3,4,0
,,,Jonathan Grounds,x,df,33,6,1,5,0
,,,Olly Pendlebury,o,mf,20,2,1,5,0
,,,James Dodd,x,mf,21,0,1,6,1
,,Shrewsbury vs Lincoln City,Eliiot Bennett,o,mf,33,9,1,1,0
,,,Anthony Scully,o,mf,22,22,2,1,0
,,,Geroge Nurse,o,df,22,2,1,2,0
,,,Tom Hopper,x,fw,28,13,2,2,0
,,,David Davis,o,mf,30,10,2,3,0
,,,Max Sanders,o,mf,22,1,2,3,0
,,,Josh Vela,x,mf,28,8,2,4,0
,,,Lewis Fiorini ,x,mf,19,6,1,4,0
,,,Tom Bloxham,o,fw,18,2,2,5,1
,,Derby vs Salford City,Graeme Shinnie,o,mf,30,6,3,1,0
,,,Josh Morris,o,mf,30,7,1,1,0
,,,Colin Kazim-Richards,o,fw,35,31,2,2,0
,,,Luke Burgess,x,mf,22,3,2,2,0
,,,Jordan Brown,o,df,20,1,2,3,0
,,,Ibou Touray,o,df,27,1,2,3,0
,,,Craig Forsyth,o,df,32,7,9,4,0
,,,Matthew Lund,o,fw,31,19,1,4,0
,,,Louie Watson,o,mf,20,0,2,5,1
,,Walsall vs Doncaster,Conor Wilkinson,o,fw,26,22,1,1,0
,,,Dan Gardner,x,mf,31,4,1,1,0
,,,Kieran Phillips,o,mf,21,6,1,2,0
,,,Ben Close,o,mf,25,4,1,2,0
,,,Emmanuel Osadebe,x,mf,25,6,2,3,0
,,,Tiago Cukur,x,fw,19,1,1,3,0
,,,Jack Earing,x,mf,22,4,1,4,0
,,,Ed Williams,x,mf,26,0,2,4,0
,,,Brendan Kiernan,x,mf,29,9,1,5,0
,,,Aidan Barlow,o,mf,21,1,1,5,0
,,,Stephen Ward,o,df,36,11,1,6,0
,,,Tom Anderson,o,df,28,3,2,6,0
,,,Liam Kinsella,x,mf,25,0,2,7,1
,,,Kyle Knoyle,o,df,25,3,1,7,1
,,Tranmere vs Oldham,Jay Spearing,o,mf,33,12,2,1,0
,,,Sam Hart,o,df,25,1,1,1,0
,,,Paul Glatzel,x,fw,20,4,1,2,0
,,,Davis Keillor-Dunn,o,mf,24,25,2,2,0
,,,Kieron Morris,o,mf,27,10,2,3,0
,,,Kyle Jameson,x,df,23,2,2,3,0
,,,Peter Clarke,x,df,39,11,2,4,0
,,,Jack Stobbs,o,mf,24,2,1,4,0
,,,Emmanuel Dieseruvwe,o,fw,27,0,1,5,1
,,,Nicky Adams,o,mf,35,1,2,5,1
,,Hull vs Wigan,Tom Eaves,o,fw,29,14,3,1,0
,,,Will Keane,o,fw,28,44,3,1,0
,,,James Scott,o,fw,21,6,3,2,0
,,,Thelo Aasgaard,o,mf,19,4,2,2,0
,,,Harry Wood,o,mf,19,0,2,3,0
,,,Jordan Jones,o,mf,27,4,1,3,0
,,,Joshua Emmanuel,o,df,24,0,2,4,0
,,,Gavin Massey,o,mf,29,6,4,4,0
,,,Matt Smith,o,mf,22,1,1,5,0
,,,Tom Naylor,o,df,30,16,1,5,0
,,,William Jarvis,o,fw,19,0,1,6,0
,,,Jamie Jones,o,mf,27,4,1,6,0
,,,Brandon Fleming,o,df,22,0,4,7,0
,,,Luke Robinson,o,df,20,0,2,7,0
,,,Di'shen Bernard,x,df,21,2,1,8,1
,,,Jordan Cousins,o,mf,27,8,1,8,1
,,Luton vs Stevenage,Harry Cornick,x,fw,26,22,3,1,0
,,,Chris Lines,o,fw,36,6,2,1,0
,,,Carlos Gomes,x,fw,23,16,1,2,0
,,,Luther Wildin,o,df,24,2,2,2,0
,,,Dion Pereira,x,fw,22,1,2,3,1
,,,Jake Reeves,o,mf,28,2,1,3,1
,,Forest Green vs Bristol City,Jamille Matt,x,fw,32,43,2,1,0
,,,Kasey Palmer,x,mf,25,14,4,1,0
,,,Jake Young,o,mf,20,9,2,2,0
,,,Han-Noah Massengo,o,mf,20,0,3,2,0
,,,Regan Hendry,o,mf,23,4,1,3,0
,,,Nahki Wells,o,fw,31,83,3,3,0
,,,Ebou Adams,o,mf,25,6,2,4,0
,,,Tommy Conway,o,mf,19,1,2,4,0
,,,Nicky Cadden,o,df,25,10,2,5,0
,,,Tyreeq Bakinson,o,mf,23,5,2,5,0
,,,Ben Stevenson,o,mf,24,4,1,6,0
,,,Saikou Janneh,o,mf,21,1,2,6,0
,,,Dan Sweeney,o,df,27,1,2,7,1
,,,Cameron Pring,x,df,23,0,1,7,1
,,Barnsley vs Bolton,Josh Benson,o,mf,22,0,1,1,0
,,,Antoni Sarcevic,o,mf,29,10,2,1,0
,,,Herbie Kane,o,mf,23,2,2,2,0
,,,Lloyd Isgrove,o,mf,28,4,2,2,0
,,,Michael Helik,o,df,26,6,2,3,0
,,,Amadou Bakayoko,o,mf,25,10,1,3,0
,,,Jordan Williams,o,df,22,0,3,4,0
,,,Elias Kachunga,o,fw,29,24,1,4,0
,,,Devante Cole,x,fw,26,12,1,5,1
,,,Josh Sheehan,o,mf,26,9,1,5,1
,,Burton vs Oxford,Lucas Akins,x,fw,32,23,4,1,0
,,,Mark Sykes,o,mf,24,10,3,1,0
,,,Conor Shaughnessy,o,df,25,4,1,2,0
,,,Anthony Forde,o,df,28,6,3,2,0
,,,Thomas O'connor,x,mf,22,5,1,3,0
,,,Daniel Agyei,o,fw,24,9,3,3,0
,,,Frazer Blake-Tracy,o,df,26,0,1,4,1
,,,John Mousinho,o,df,35,0,3,4,1
,,QPR vs Leyton Orient,Lyndon Dykes,o,fw,26,24,2,1,0
,,,Aaron Drinan,o,fw,23,14,1,1,0
,,,Dominic Ball,o,mf,26,3,3,2,0
,,,Ruel Sotiriou,x,mf,21,10,2,2,0
,,,Andre Dozzell,o,mf,22,2,1,3,0
,,,Tom James,o,df,25,7,1,3,0
,,,Charlie Kelman,o,fw,20,0,2,4,0
,,,Daniel Kemp,o,mf,22,5,2,4,0
,,,Albert Adomah,o,mf,34,51,2,5,1
,,Oldham vs Accrington,Sam Hart,o,df,25,1,1,1,0
,,,Ross Sykes,o,df,22,4,2,1,0
,,,Davis Keillor-Dunn,o,mf,24,25,2,2,0
,,,Dion Charles,x,fw,26,27,2,2,0
,,,Dylan Bahamboula,o,mf,26,10,2,3,0
,,,David Morgan,o,mf,27,0,2,3,0
,,,Callum Whelan,o,mf,23,1,2,4,0
,,,Toby Savin,o,gk,20,0,2,4,0
,,,Nicky Adams,x,mf,35,1,2,5,0
,,,Tommy Leigh,o,mf,21,6,1,5,0
,,,Junior Luamba,o,fw,18,2,2,6,1
,,,Matt Butcher,x,mf,24,6,2,6,1
,,Wycombe vs Stevenage,Joe Jacobson,o,df,35,18,3,1,0
,,,Luke Norris,o,fw,28,34,2,1,0
,,,Daryl Horgan,o,mf,29,5,2,2,0
,,,Luther Wildin,x,df,24,2,2,2,0
,,,Olly Pendlebury,o,mf,19,2,1,3,0
,,,Jake Reeves,o,mf,28,2,1,3,0
,,,Anis Mehmeti,o,mf,20,10,2,4,0
,,,Ben Coker,o,df,32,1,2,4,0
,,,Tjay de Barr,o,fw,21,4,1,5,1
,,Gillingham vs Cheltenham,Olly Lee,o,mf,30,7,2,1,0
,,,Conor Thomas,o,fw,28,13,3,1,0
,,,Stuart O'Keefe,x,mf,30,4,2,2,0
,,,Callum Wright,o,mf,21,13,2,2,0
,,,Danny Lloyd,o,fw,30,8,1,3,0
,,,Geroge Lloyd,o,fw,21,3,3,3,0
,,,Mustapha Carayol,o,mf,33,16,1,4,0
,,,Ben Tozer,o,df,31,5,3,4,0
,,,Daniel Adshead,o,mf,20,0,1,5,1
,,,Ellis Chapman,o,mf,20,0,2,5,1
,,Wigan vs Bolton,Max Power,o,mf,28,8,3,1,0
,,,Eoin Doyle,o,fw,33,34,2,1,0
,,,Thelo Aasgaard,o,mf,19,4,2,2,0
,,,Antoni Sarcevic,o,mf,29,10,2,2,0
,,,Jordan Jones,x,mf,27,4,1,3,0
,,,Kieran Lee,x,mf,33,28,2,3,0
,,,Tom Naylor,o,df,30,16,1,4,0
,,,Oladapo Afolayan,o,mf,24,13,2,4,0
,,,Stephen Humphrys,o,fw,24,17,1,5,0
,,,Josh Sheehan,o,mf,26,9,1,5,0
,,,Jamie Jones,o,mf,27,4,1,6,1
,,,Nathan Delfouneso,x,mf,30,15,2,6,1
,,Newcatle vs Burnley,Allan saint-Maximin,x,mf,24,26,3,1,0
,,,Chris Wood,o,fw,30,97,5,1,0
,,,Joe Willock,o,mf,22,17,2,2,0
,,,Ashley Barnes,o,fw,32,50,9,2,0
,,,Joelinton,o,fw,25,23,3,3,0
,,,Dwight McNeil,o,mf,22,7,5,3,0
,,,Sean Longstaff,o,mf,24,3,4,4,0
,,,Josh Brownhill,x,mf,26,18,3,4,0
,,,Miguel Almiron,x,mf,27,31,3,5,1
,,,Charile Taylor,o,df,28,3,5,5,1
,,Everton vs QPR,Mason Holgate,o,df,25,4,6,1,0
,,,Charlie Austin,o,fw,32,90,5,1,0
,,,Michael Keane,o,df,28,19,5,2,0
,,,Dominic Ball,o,mf,26,3,3,2,0
,,,Andros Townsend,o,mf,30,26,1,3,0
,,,Yoann Barbet,o,df,28,10,3,3,0
,,,Demerai Gray,o,mf,25,25,1,4,0
,,,Chris Willock,o,mf,23,12,2,4,0
,,,Anthony Gordon,o,mf,20,4,4,5,0
,,,Albert Adomah,o,mf,34,51,2,5,0
,,,Abdoulaye Doucoure,o,mf,28,33,2,6,0
,,,Stephen Duke-McKenna,o,mf,21,0,2,6,0
,,,Ben Godfrey,o,df,23,4,2,7,0
,,,Luke Amos,o,mf,24,8,3,7,0
,,,Tom davies,x,mf,23,5,7,8,1
,,,Jimmy Dunne,o,df,24,5,1,8,1
,,Reeds vs Fulham,Rodrigo,o,fw,30,67,2,1,0
,,,Josh Onomah,x,mf,24,9,3,1,0
,,,Damiel James,o,mf,24,18,1,2,0
,,,Ivan Cavaleiro,o,mf,28,34,3,2,0
,,,Kalvin Phillips,o,df,26,14,8,3,0
,,,Neeskens Kebano,o,mf,29,24,6,3,0
,,,Stuart Dallas,o,mf,30,32,7,4,0
,,,Joe Bryan ,x,df,28,12,4,4,0
,,,Adam Forshaw,x,mf,30,3,4,5,0
,,,Michael Hector,o,df,29,8,3,5,0
,,,Junior Firpo,o,df,25,7,1,6,0
,,,Alfie Mawson,o,df,27,8,3,6,0
,,,Joe Gellhardt,o,fw,19,3,1,7,0
,,,Bobby De Cordova-Reid,o,mf,28,48,3,7,0
,,,Stuart Mckinstry,o,mf,19,0,1,8,1
,,,Rodrigo Muniz,x,fw,20,9,1,8,1
,,Southampton vs Sheff utd,James Ward-prowse,o,mf,27,40,10,1,0
,,,Oliver Norwood,o,mf,30,18,4,1,0
,,,Che Adams,o,fw,25,55,3,2,0
,,,Rhian Brewstar,x,mf,21,15,3,2,0
,,,Armando Broja,x,fw,20,12,1,3,0
,,,Ben Osborn,o,mf,27,19,3,3,0
,,,Ibrahima Diallo,o,mf,22,1,2,4,0
,,,Oliver Mcburnie,x,fw,25,39,3,4,0
,,,Oriol Romeu,o,mf,30,7,7,5,1
,,Wolves vs Tottenham,Hwang Hee-chan,o,fw,25,16,1,1,0
,,,Harry Kane,o,fw,28,227,10,1,0
,,,Joao Moutinho,o,mf,35,17,4,2,0
,,,sergio Reguilon,o,df,25,5,2,2,0
,,,Ruben Neves,x,mf,24,23,5,3,0
,,,Bryan Gil,o,mf,20,7,1,3,0
,,,Leander Dendoncker,x,mf,26,12,4,4,0
,,,Pierre-Emile Hojbierg,x,mf,26,10,2,4,0
,,,Conor Coady,x,df,28,8,7,5,1
,,Aston Villa vs Chelsea,Anwar el Ghazi,o,mf,26,48,4,1,0
,,,Romelu Lukaku,o,fw,28,214,3,1,0
,,,Ashley young,x,df,36,34,1,2,0
,,,Mason Mount,o,mf,22,52,3,2,0
,,,Marvelous Nakamba,x,mf,27,2,3,3,0
,,,Ross Barkley,o,mf,28,31,4,3,0
,,,Ezri Konsa,o,df,24,6,3,4,0
,,,Ben Chilwell,x,df,25,11,2,4,0
,,,Emiliano Buendia,o,mf,25,29,1,5,1
,,,Reece James,o,df,22,11,3,5,1
,,Southampton vs Chelsea,Adam Armstrong,o,fw,24,58,1,1,0
,,,Marcos Alonso,o,df,31,33,6,1,0
,,,Theo Walcott,x,fw,32,87,2,2,0
,,,Mason Mount,x,mf,22,52,3,2,0
,,,Shane Long,o,fw,34,53,8,3,0
,,,Callum Hudson-Odoi,o,mf,21,10,5,3,0
,,,Will Smallbone,x,mf,21,0,3,4,0
,,,Ben Chilwell,o,df,25,11,2,4,0
,,,Oriol Romeu,o,mf,30,7,7,5,1
,,,Reece James,o,df,22,11,3,5,1
,,QPR vs Sunderland,Charlie Austin,x,fw,32,90,5,1,0
,,,Aiden Mcgeady,o,mf,35,25,3,1,0
,,,Ilias Chair,x,mf,24,22,5,2,0
,,,Ross Stewart,o,fw,25,31,2,2,0
,,,Lyndno Dykes,o,fw,26,24,2,3,0
,,,Alex Pritchard,o,mf,28,26,1,3,0
,,,Yoann Barbet,x,df,28,10,3,4,1
,,West ham vs Man city,Mark Noble,o,mf,34,39,12,1,0
,,,Phil Foden,x,mf,21,38,5,1,0
,,,Jarrod Bowen,o,fw,25,77,3,2,0
,,,Joao Cancelo,o,df,27,12,3,2,0
,,,Craig Dawson,o,df,31,23,2,3,0
,,,Gabriel Jesus,o,fw,24,90,6,3,0
,,,Aaron Cresswell,o,df,32,12,8,4,0
,,,Jack Grealish,o,mf,26,33,1,4,0
,,,Said Benrahma,o,mf,26,40,2,5,1
,,Leicester vs Brighton,James Maddison,o,mf,25,52,4,1,0
,,,Pascal Gross,o,mf,30,23,5,1,0
,,,Harvey Barnes,o,fw,24,39,6,2,0
,,,Neal Maupay,x,fw,25,70,3,2,0
,,,Paston Daka,o,fw,23,8,1,3,0
,,,Alexis Mac Allistar,o,mf,23,15,2,3,0
,,,Ricardo Pereira,o,df,28,11,4,4,1
,,,Enock Mwepu,x,mf,23,2,1,4,1
,,Leicester vs Liverpool,Youri Tielemans,o,mf,24,27,4,1,0
,,,James Milner,o,mf,35,46,7,1,0
,,,James Maddison,o,mf,25,53,4,2,0
,,,Roberto Firmino,o,fw,30,129,7,2,0
,,,Marc Albrighton,o,df,32,21,8,3,0
,,,Alex Oxlade-Chamberlain,o,mf,28,29,5,3,0
,,,Luke Thomas,x,df,20,2,3,4,0
,,,Naby Keita,o,mf,26,26,4,4,0
,,,Kelchi Iheanacho,o,fw,25,43,5,5,0
,,,Takumi Minamino,x,fw,26,14,3,5,0
,,,Ryan Bertrand,x,df,32,7,1,6,1
,,,Diogo Jota,o,fw,25,85,2,6,1
,2022-2023,Morecambe vs Stoke,Dylan Connolly,o,fw,27,3,1,1,0
,,,Morgan Fox,x,df,29,4,2,1,0
,,,Jonathan Obika,o,fw,32,7,1,2,0
,,,Will Smallbone,o,mf,22,0,1,2,0
,,,Caleb Watts,o,mf,20,0,1,3,0
,,,Sam Clucas,o,mf,32,30,4,3,0
,,,Donald Love,o,mf,28,0,1,4,0
,,,Jordan Thompson,o,mf,25,2,4,4,0
,,,Shane McLoughlin,o,df,25,3,2,5,1
,,Barrow vs Blackpool,John Rooney,o,mf,32,5,2,1,0
,,,Callum connolly,x,mf,25,15,2,1,0
,,,Josh Kay,o,mf,25,14,3,2,0
,,,James Husband,o,df,28,2,4,2,0
,,,Billy Waters,o,fw,28,9,1,3,0
,,,Beryly Lubala,o,fw,24,1,2,3,0
,,,Patrick Brough,o,df,26,6,3,4,0
,,,Shayne Lavery,o,fw,24,15,2,4,0
,,,Harrison Neal,x,mf,21,0,1,5,1
,,,Lewis Fiorini ,x,mf,20,7,1,5,1
,,Tranmere vs Accrington,Kane Hemmings,o,fw,31,35,2,1,0
,,,Sean McConville,o,mf,33,10,3,1,0
,,,Josh Hawkes,o,fw,23,18,2,2,0
,,,Shaun Whalley,o,mf,35,15,1,2,0
,,,Rhys Hughes,x,mf,21,1,1,3,0
,,,Joe Pritchard,x,mf,26,9,3,3,0
,,,Paul Lewis,o,mf,28,14,2,4,0
,,,Ryan Astley,o,df,21,2,1,4,0
,,,Luke Robinson,o,df,21,0,1,5,0
,,,Harry Pell,o,mf,31,14,2,5,0
,,,Reece McAlear,o,df,20,0,1,6,0
,,,Mitchell Clark,o,df,23,2,2,6,0
,,,Neill Byrne,o,df,29,1,1,7,0
,,,Josh Woods,o,fw,22,1,2,7,0
,,,Josh Dacres-Cogley,o,df,26,2,2,8,0
,,,Liam Coyle,o,mf,23,2,2,8,0
,,,Ethan Bristow,o,df,21,1,1,9,0
,,,Mahammed Sangare,o,df,24,0,2,9,0
,,,Joel Mumbongo,o,mf,23,2,2,10,0
,,,Harvey Rodgers,o,df,26,4,3,10,0
,,,Mateusz Hewelt,o,gk,26,0,1,11,0
,,,Lukas Jensen,o,gk,23,0,1,11,0
,,,Kane Hemmings,o,fw,31,35,2,12,0
,,,Sean McConville,o,mf,33,10,3,12,0
,,,Josh Hawkes,o,fw,23,18,2,13,1
,,,Shaun Whalley,x,mf,35,15,1,13,1
,,Charlton vs QPR,Jayden Stockley,o,mf,29,35,3,1,0
,,,Stefan Johansen,x,mf,31,31,3,1,0
,,,Charlie Kirk,o,mf,25,11,2,2,0
,,,Tyler Roberts,o,mf,23,12,1,2,0
,,,Albie Morgan ,o,mf,22,5,4,3,0
,,,Olamide Shodipo,o,fw,25,14,4,3,0
,,,Aaron Henry,o,mf,19,1,1,4,0
,,,Andre Dozzell,o,mf,23,2,2,4,0
,,,Eoghan O'Connell,o,df,27,3,1,5,1
,,Oxford vs Swansea,Marcus Browne,o,fw,25,12,3,1,0
,,,Liam Cullen,o,fw,23,12,4,1,0
,,,Gorrin,o,mf,29,2,4,2,0
,,,Olivier Ntcham,o,mf,26,18,2,2,0
,,,Marcus McGuane,o,mf,23,0,3,3,0
,,,Joe Allen,o,mf,32,28,2,3,0
,,,Slavi Spasov,o,fw,21,0,1,4,0
,,,Matthew Sorinola,x,mf,21,5,1,4,0
,,,Cameron Brannagan,o,mf,26,30,4,5,1
,,Norwich vs Birmingham,Kenny McLean,x,mf,30,9,5,1,0
,,,Sam Cosgrove,x,fw,26,6,2,1,0
,,,Liam Gibbs,o,mf,20,1,1,2,0
,,,Jordan Graham,o,mf,27,13,2,2,0
,,,Danel Sinani,o,fw,25,26,1,3,0
,,,Jonathan Leko,x,fw,23,8,3,3,0
,,,Marcelino Nunez,o,mf,22,3,1,4,0
,,,Jordan James,o,mf,18,1,2,4,0
,,,Josh Sargent,o,fw,22,30,2,5,1
,,Exeter vs Gillingham,Jevani Brown,o,fw,28,26,2,1,0
,,,Olly Lee,o,mf,31,7,3,1,0
,,,Sonny Cox,o,mf,18,1,1,2,0
,,,Mikael Mandron,o,fw,28,20,1,2,0
,,,Jake Caprice,o,mf,30,2,3,3,0
,,,Will Wright,o,df,25,1,1,3,0
,,,Archie Collins,o,mf,23,10,4,4,0
,,,Ben Reeves,o,mf,31,5,2,4,0
,,,Josh Coley,o,fw,24,1,2,5,0
,,,Hakeeb Adelakun,o,fw,26,5,1,5,0
,,,Joshua Key,x,mf,23,7,3,6,1
,,,David Tutonda,o,mf,27,1,2,6,1
,,Barrow vs Lincoln City,Ben Whitfield,o,fw,26,6,1,1,0
,,,Anthony Scully,o,fw,23,25,3,1,0
,,,Josh Gordon,x,fw,28,26,2,2,0
,,,Max Sanders,o,mf,23,2,3,2,0
,,,Patrick Brough,x,df,26,6,3,3,0
,,,Tashan Oakley-Boothe,o,mf,22,0,1,3,0
,,,Robbie Gotts,x,mf,23,6,2,4,1
,,Leicester vs Stockport County,Youri Tielemans,o,mf,25,30,5,1,0
,,,Antoni Sarcevic,x,mf,30,14,1,1,0
,,,James Maddison,x,mf,26,63,5,2,0
,,,Scott Quigley,x,fw,30,15,1,2,0
,,,Harvey Barnes,o,mf,25,54,7,3,0
,,,Ryan Croasdale,o,mf,28,1,1,3,0
,,,Ayoze Perez,x,mf,29,55,4,4,0
,,,Kyle Wootton,x,mf,26,14,1,4,0
,,,Kieran Dewsbury-Hall,o,mf,24,11,2,5,1
,,Bournemouth vs Norwich,Emiliano Marcondes,o,mf,27,7,2,1,0
,,,Teemu Pukki,o,fw,32,109,5,1,0
,,,Lewis Cook,o,mf,25,3,7,2,0
,,,Todd Cantwell,x,mf,24,19,5,2,0
,,,Jaidon Anthony,o,mf,23,12,3,3,0
,,,Liam Gibbs,o,mf,20,1,1,3,0
,,,Christian Saydee,o,fw,20,8,2,4,0
,,,Adam Idah,o,fw,21,6,4,4,0
,,,Ryan Christie,o,mf,27,14,2,5,1
,,Stevenage vs Charlton ,Danny Rose,o,fw,29,11,1,1,0
,,,Sean Clare,o,df,26,4,2,1,0
,,,Dean Campbell,o,df,21,0,1,2,0
,,,Jake Forster-Caskey,o,mf,28,11,4,2,0
,,,Dan Sweeney,o,df,28,5,1,3,0
,,,Jesurun Rak-Sakyi,o,mf,20,15,1,3,0
,,,Michael Bostwick,o,df,34,2,2,4,0
,,,Chuks Aneke,o,fw,29,23,4,4,0
,,,Jake Taylor,x,mf,31,13,2,5,0
,,,Scott Fraser,o,mf,27,24,1,5,1
,,Gillingham vs Brentford,Mikael Mandron,o,fw,28,20,1,1,1
,,,Ivan Toney,o,fw,26,66,3,1,0
,,,Hakeeb Adelakun,o,mf,26,5,1,2,0
,,,Saman Ghoddos,o,mf,29,29,3,2,0
,,,Will Wright,o,df,25,1,1,3,0
,,,Josh Dasilva,o,fw,24,20,5,3,0
,,,Cheye Alexander,o,df,27,3,2,4,0
,,,Bryan Mbeumo,o,mf,23,38,4,4,0
,,,Scott KashKet,o,mf,26,11,1,5,0
,,,Mathias Jensen,o,mf,26,9,4,5,0
,,,Alexander MacDonald,o,mf,32,4,3,6,1
,,,Mikkel Damsgaard,x,mf,22,6,1,6,1
,,Newcastle vs Crystal Palace,Chris Wood,o,fw,31,99,2,1,0
,,,Luka Milivojevic,x,mf,31,29,7,1,0
,,,Kieran Trippier,o,df,32,8,2,2,0
,,,Will Hughes,o,mf,27,16,2,2,0
,,,Joelinton,o,mf,26,29,4,3,0
,,,Joel Ward,o,df,33,5,10,3,0
,,,Sven Botman,x,df,22,5,1,4,0
,,,Jean-Philippe Mateta,x,fw,25,33,3,4,0
,,,Bruno guimaraes,x,mf,25,15,2,5,1
,,,Malcolm Ebiowei,x,mf,19,1,1,5,1
,,Southampton vs Sheff Wed,James Ward-Prowse,o,mf,28,51,11,1,0
,,,Michael Smith,o,mf,31,55,1,1,0
,,,Mohamed Elyounoussi,o,mf,28,35,3,2,0
,,,Barry Bannan,o,mf,33,30,8,2,0
,,,Ibrahima Diallo,o,mf,23,1,3,3,0
,,,Marvin Johnson,o,mf,32,10,2,3,0
,,,Ainsley Maitland-Niles,o,df,25,3,1,4,0
,,,Will Vaulks,o,df,29,21,1,4,0
,,,Adam Armstrong,o,fw,30,17,5,5,0
,,,Lee Gregory,o,fw,34,67,2,5,0
,,,Theo Walcott,o,mf,33,89,3,6,1
,,,Dominic Iorfa,x,df,27,6,5,6,1
,,Derby vs Liverpool,David McGoldrick,o,fw,35,85,1,1,0
,,,Stefan Bajcetic,x,mf,18,1,1,1,0
,,,Conor Hourihane,x,mf,31,43,1,2,0
,,,Alex Oxlade-Chamberlain,o,mf,29,30,6,2,0
,,,Craig Forsyth,x,df,33,7,10,3,0
,,,Roberto Firmino,x,fw,31,145,8,3,0
,,,Louie Sibley,o,df,21,11,4,4,0
,,,Darwin Nunez,o,fw,23,57,2,4,0
,,,Lewis Dobbin,x,mf,19,3,1,5,1
,,,Harvey Elliott,o,mf,19,10,3,5,1
,,Brighton vs Charlton,Pascal Gross,x,mf,31,32,6,1,0
,,,Jayden Stockley,x,fw,29,35,3,1,0
,,,Leandro Trossard,x,mf,28,34,4,2,0
,,,Jake Forster-Caskey,o,mf,28,11,4,2,0
,,,Evan Ferguson,o,fw,18,7,2,3,0
,,,George Dobson,x,mf,25,3,2,3,0
,,,Lewis Dunk,o,df,31,24,10,4,0
,,,Jesurun Rak-Sakyi,x,mf,20,15,1,4,0
,,,Solly March,x,mf,28,18,10,5,0
,,,Corey Blackett-Taylor,o,mf,25,11,2,5,0
,,,Tariq Lamptey,o,df,22,2,3,6,0
,,,Steven Sessegnon,o,df,22,1,1,6,0
,,,Moises Caicedo,x,mf,21,5,2,7,1
,,,Sam Lavelle,o,df,26,3,2,7,1
,,Nottingham Forest vs Wolves,Sam Surridge,x,fw,24,20,2,1,0
,,,Ruben Neves,x,mf,25,29,6,1,0
,,,Remo Freuler,o,mf,30,25,1,2,0
,,,Daniel Podence,o,mf,27,19,4,2,0
,,,Joe Worrall,o,df,25,4,6,3,0
,,,Matheus Nunes,o,mf,24,8,1,3,0
,,,Morgan Gibbs-White,o,mf,22,15,7,4,0
,,,Matheus Cunha,o,mf,23,25,1,4,0
,,,Jack Collback,o,mf,33,17,5,5,1
,,,Joe Hodge,x,mf,20,0,1,5,1
Copa del ray,2020-2021,Fuenlabrada vs Mallorca,Alex Mula,o,mf,24,29,1,1,0
,,,Salva Sevilla,o,mf,36,59,4,1,0
,,,Aboubakary Kant?,o,fw,26,49,1,2,0
,,,Lago Junior,o,mf,30,72,6,2,0
,,,Randy Nteka,o,mf,23,22,4,3,0
,,,Murilo Costa,o,mf,26,19,1,3,0
,,,Francisco Feuillassier,x,mf,22,7,1,4,0
,,,Abd?n Prats,o,fw,28,79,4,4,0
,,,Adri?n Di?guez,o,df,24,3,2,5,0
,,,Braian Cufr?,x,df,24,4,1,5,0
,,,Path? Ciss,o,mf,26,6,2,6,0
,,,Fran G?mez,o,df,29,28,3,6,0
,,,Alejandro Sotillos,o,df,22,3,3,7,0
,,,Franco Russo,o,df,26,6,2,7,0
,,,Antonio Glauder,o,df,25,5,3,8,1
,,,Antonio S?nchez,x,mf,23,13,1,8,1
,,Pena Deportiva vs Sabadell,Christian Cruz,o,df,28,6,3,1,0
,,,Gorka Guruzeta,x,fw,24,48,1,1,0
,,,Marc de Val,o,mf,30,2,4,2,0
,,,Xavi Boniquet,x,mf,30,36,2,2,0
,,,Carlos Gilbert,x,fw,21,14,1,3,0
,,,N?stor Querol,x,mf,33,44,3,3,0
,,,Carlos Cristeto,x,mf,26,18,3,4,1
,,Pontevedra vs Cadiz,Xisco Campos,o,df,38,11,1,1,0
,,,Filip Malba?i?,o,fw,28,44,1,1,0
,,,Rufo S?nchez,o,fw,34,108,1,2,0
,,,Jorge Pombo,o,mf,26,12,2,2,0
,,,Oier Calvillo,o,mf,24,19,1,3,0
,,,Anthony Lozano,o,fw,27,81,1,3,0
,,,Alejandro Gonz?lez Mara??n,o,fw,31,22,5,4,0
,,,Carlos Akapo,o,df,27,1,2,4,0
,,,V?ctor V?zquez,x,df,31,9,3,5,1
,,,Bobby Adekanye,o,fw,21,1,1,5,1
,,Fuenlabrada vs Levante,Mikel Iribas,o,df,32,15,5,1,0
,,,Roger Mart?,o,fw,29,77,6,1,0
,,,Pinchi,o,fw,24,18,1,2,0
,,,Gonzalo Melero,o,mf,26,35,2,2,0
,,,Borja Garc?s,x,fw,21,14,1,3,0
,,,Sergio Le?n,o,fw,31,112,2,3,0
,,,Crist?bal M?rquez,x,mf,36,46,5,4,1
,,,?scar Duarte,o,df,31,14,2,4,1
,,Almeria vs Osasuna,Sergio Akieme,o,df,23,2,1,1,0
,,,Roberto Torres,o,mf,31,79,10,1,0
,,,Jos? Corpas,x,fw,29,92,3,2,0
,,,Jon Moncayola,o,mf,22,3,3,2,0
,,,Umar Sadiq,o,fw,23,6,1,3,0
,,,Jonathan Calleri,o,fw,27,49,1,3,0
,,,Largie Ramazani,o,fw,19,4,1,4,0
,,,Manu S?nchez,x,df,20,0,1,4,0
,,,C?sar de la Hoz,o,mf,28,7,3,5,0
,,,Kike Barja,o,fw,23,43,5,5,0
,,,Jo?o Carvalho,o,mf,23,15,1,6,1
,,,David Garc?a,x,df,26,11,7,6,1
,,Real Betis vs Athletic Bilbao,A?ssa Mandi,o,df,29,21,5,1,0
,,,Ra?l Garc?a,o,mf,34,106,6,1,0
,,,Sergio Canales,x,mf,29,40,3,2,0
,,,I?aki Williams,o,fw,26,73,7,2,0
,,,Juanmi,x,fw,27,45,2,3,0
,,,Jon Morcillo,o,fw,22,25,1,3,0
,,,Yuri Berchiche,o,df,30,18,3,4,1
,2021-2022,Aguilas vs Almeria,Dinko Treboti?,o,mf,31,23,1,1,0
,,,Largie Ramazani,o,fw,20,17,2,1,0
,,,Alejandro Jos? P?rez L?pez,x,fw,20,0,1,2,0
,,,Curro S?nchez,o,mf,25,41,1,2,0
,,,Ram?n Arcas,o,mf,29,4,2,3,0
,,,Francisco Portillo,o,mf,31,15,1,3,0
,,,Javier P?rez Carabe,x,df,22,3,1,4,0
,,,Sam? Costa,o,mf,21,3,1,4,0
,,,C?sar de la Hoz,o,mf,29,7,4,5,1
,,Calahorra vs Atletico Baleares,Manu Ramirez,o,mf,25,13,1,1,0
,,,Jes?s ?lvarez Aguado,o,mf,22,1,2,1,0
,,,Vinicius Tanque,o,fw,26,12,2,2,0
,,,Imanol Sarriegi,o,mf,26,10,1,2,0
,,,Manel Mart?nez,o,fw,29,69,2,3,0
,,,David Grande,x,fw,30,104,1,3,0
,,,Armando Shashoua,x,mf,21,4,2,4,0
,,,David Soto,o,df,28,1,1,4,0
,,,Ignasi Vilarrasa,o,df,22,6,1,5,0
,,,Eneko Zabaleta,x,df,29,9,1,5,0
,,,Luca Ferrone,o,df,28,10,3,6,1
,,Guijuelo vs Rayo Vallecano,Alberto Rodr?guez Ramos,x,mf,29,0,1,1,0
,,,Mario Su?rez,x,mf,34,31,4,1,0
,,,Alex Caramelo Carrasco,o,fw,26,1,1,2,0
,,,Isi Palaz?n,o,fw,27,44,3,2,0
,,,Carlos Rub?n,o,mf,38,53,5,3,0
,,,?scar Trejo,o,mf,33,63,5,3,0
,,,Toti,o,mf,34,46,1,4,0
,,,Santi Comesa?a,o,mf,25,10,6,4,0
,,,Crist?bal Gil,x,mf,29,27,3,5,1
,,,Sergi Guardiola,o,fw,30,81,1,5,1
,,Linares Deportivo vs Gimnastic,Alejandro Melendez,o,mf,22,2,1,1,0
,,,Carlos Albarran,o,df,27,9,3,1,0
,,,Fran Lara,o,mf,28,10,6,2,0
,,,Aythami Artiles,x,df,35,28,1,2,0
,,,Nando Copete,x,fw,29,23,1,3,0
,,,Pol Ballesteros,o,fw,25,12,3,3,0
,,,Alvaro Barbosa,o,df,28,22,1,4,0
,,,Joan Oriol,o,df,35,10,2,4,0
,,,Hugo Diaz,o,fw,33,94,2,5,0
,,,Edgar Hernandez,o,fw,34,68,1,5,0
,,,Josema Gomez,o,df,30,6,4,6,0
,,,Jannick Buyla,o,mf,23,3,1,6,0
,,,Ruben Sanchildrian,o,fw,22,9,2,7,1
,,,Javi Ribelles,x,mf,29,12,2,7,1
,,Union Adavare vs Lugo,Julio Cidoncha,x,mf,33,7,1,1,0
,,,Maru Barreiro,o,fw,35,93,4,1,0
,,,Dani Ramos,x,df,27,2,2,2,0
,,,Carlos Pita,x,mf,37,38,12,2,0
,,,Alvaro Mayorga,o,df,22,3,1,3,0
,,,Joselu Moreno,o,fw,30,83,3,3,0
,,,Alberto Alburquerque,o,fw,30,74,1,4,0
,,,Hugo Rama,o,mf,25,12,3,4,0
,,,Fernando Calleja,o,mf,32,2,1,5,1
,,,Edu Campabadal,o,df,28,1,5,5,1
,,Sevilla vs Andratx,Rafa Mir,o,fw,24,75,1,1,0
,,,Carlos Lorente,x,df,22,0,2,1,0
,,,Nemanja Gudelj,o,df,30,39,3,2,0
,,,Gerardo Bonet,o,mf,23,2,2,2,0
,,,Oscar Rodriguez,x,mf,23,26,2,3,0
,,,Pau Pomar,o,df,33,5,1,3,0
,,,Ivan Romero,o,fw,20,17,2,4,0
,,,Pep Vidal,o,df,24,3,1,4,0
,,,Luismi Cruz,o,fw,20,8,1,5,0
,,,Fernando Carrasco,o,fw,21,0,1,5,0
,,,Papu Gomez,o,fw,33,113,2,6,0
,,,Damla Ramos,o,df,30,4,1,6,0
,,,Thomas Delaney,o,mf,30,37,1,7,1
,,,Gaspar Alemany,x,df,31,0,1,7,1
,,Levante vs Alcoyano,Pepelu,x,mf,23,17,2,1,0
,,,Lillo Castellano,x,df,32,0,1,1,0
,,,Jose Luis Morales,o,fw,34,80,9,2,0
,,,Andy Escudero,o,fw,22,5,1,2,0
,,,Roger Marti,x,fw,30,123,9,3,0
,,,Imanol Garcia,o,mf,26,5,1,3,0
,,,Enis Bardhi,x,mf,26,46,5,4,1
,,,Carlos Blanco,o,df,25,7,1,4,1
,,Fuenlabrada vs Ud Sanse,Mikel Iribas,o,df,33,13,6,1,0
,,,Arturo Rodriguez,o,fw,32,77,2,1,0
,,,Franco Soldano,x,fw,27,29,1,2,0
,,,Dani Molina,x,mf,25,10,1,2,0
,,,Iban Salvador,x,fw,26,34,3,3,0
,,,Jorge Jimenez,o,mf,22,1,2,3,0
,,,Anderson Cordeiro,o,fw,23,12,1,4,0
,,,Mario Gonzalez,o,mf,23,0,2,4,0
,,,Adrian Dieguez,o,df,25,5,2,5,0
,,,Borja Martinez,x,fw,27,22,1,5,0
,,,Ruben Pulido,o,df,21,2,2,6,0
,,,Fer Ruiz,o,fw,30,40,5,6,0
,,,Cheick Timite,o,fw,24,14,1,7,1
,,,Alvaro Moreno,x,df,27,8,1,7,1
,,Ponferradina vs RCD Espanyol,Agus Medina,o,mf,27,26,1,1,0
,,,Adrian Embarba,o,fw,29,44,3,1,0
,,,Kuki Zalazar,x,fw,23,27,1,2,0
,,,Keidi Bare,o,mf,24,5,2,2,0
,,,Saul Crespo,x,mf,25,1,5,3,0
,,,Fran Merida,o,mf,31,31,2,3,0
,,,Kike Saverio,x,fw,22,10,1,4,1
,,Sporting Gijon vs Cadiz,Fran Villalba,x,mf,23,22,1,1,0
,,,Alex Fernandez,o,mf,29,42,5,1,0
,,,Pedro Diaz,x,mf,23,17,7,2,0
,,,Alvaro Negredo,o,fw,36,251,2,2,0
,,,Vasyl Kravets,o,df,24,1,1,3,0
,,,Alberto Perea,o,fw,31,50,5,3,0
,,,Victor Campuzano,o,fw,24,30,2,4,1
,,,Santiago Arzamendia,o,df,23,9,1,4,1
,,Valencia vs Real Batis,Carlos Soler,o,mf,24,40,8,1,0
,,,Wilian Jose,o,fw,30,113,1,1,0
,,,Uros Racic,o,mf,23,10,3,2,0
,,,Joaquin,o,fw,40,111,13,2,0
,,,Goncalo Guedes,o,fw,25,61,5,3,0
,,,Andres Guardado,o,mf,35,40,5,3,0
,,,Yunus Musah,x,mf,19,9,3,4,0
,,,Cristian Tello,o,fw,30,67,5,4,0
,,,Jose Gaya,o,df,26,12,11,5,1
,,,Juan Miranda,o,df,21,5,2,5,1
,2022-2023,Gernika vs Leganes,Giovanni Navarro,o,fw,23,24,1,1,0
,,,Juan Munoz,o,fw,27,69,3,1,0
,,,Gorka Agirre,o,mf,22,3,1,2,0
,,,Jose Manuel Arnalz,o,fw,27,59,5,2,0
,,,Lamin Juwara,o,fw,22,2,1,3,0
,,,Dani Raba,o,fw,27,23,1,3,0
,,,Urtzi Iriondo,o,df,27,2,1,4,0
,,,Seydouba Cisse,o,mf,21,8,2,4,0
,,,Koldo Berasaluze,o,df,30,12,2,5,0
,,,Ruben Pardo,o,mf,30,16,3,5,0
,,,Yeray Carpio,o,mf,19,0,1,6,1
,,,Naim Garcia,x,fw,20,4,2,6,1
,,Penya Deportiva vs Malaga cf,Cristian Cruz,o,df,29,4,5,1,0
,,,Pablo Chavarria,o,fw,34,85,3,1,0
,,,Carlos Cristeto,o,mf,28,4,4,2,0
,,,Fran Sol,o,fw,30,104,1,2,0
,,,Loren Sanchez,o,fw,19,2,1,3,0
,,,Esteban Burgos,o,df,30,14,1,3,0
,,,Carlos Badal,o,df,23,2,2,4,0
,,,Genaro Rodriguez,o,mf,24,7,2,4,0
,,,Christian Albert,o,fw,22,3,1,5,0
,,,Dani Lorenzo,o,mf,19,3,2,5,0
,,,Chema Moreno,o,fw,30,30,1,6,0
,,,Haitam Abaida,o,fw,20,1,3,6,0
,,,Diego Camara,o,df,24,1,2,7,0
,,,Alfred N'Diaye,o,df,32,26,1,7,0
,,,Ton Ripoll,x,fw,24,8,2,8,1
,,,Lumor Agbenyenu,o,df,26,4,1,8,1
,,Huesca vs Juventud,Juan Villar,o,fw,34,123,1,1,0
,,,Javi Amaya,o,mf,32,10,3,1,0
,,,Joaquin Munoz,x,fw,23,17,4,2,0
,,,Javi Forjan,o,fw,27,4,1,2,0
,,,Cristian Salvador,o,mf,28,10,2,3,0
,,,Alex Machuca,o,mf,24,5,1,3,0
,,,Ignasi Vilarrasa,x,df,23,4,1,4,1
,,,Miguel Garcia,o,df,26,2,2,4,1
,,Atletico Paso vs Real Murcia,Armiche Ortega,x,fw,34,28,2,1,0
,,,Miku,x,fw,37,123,1,1,0
,,,Alberto Oca,o,fw,32,26,1,2,0
,,,Zeidane Inoussa,o,fw,20,6,2,2,0
,,,Joan Piera,x,fw,26,14,1,3,0
,,,Arnau Sola,o,df,19,0,1,3,0
,,,Alex Cruz,x,df,26,0,2,4,0
,,,Arnau Ortiz,x,fw,21,9,1,4,0
,,,Pelon Cabrera,o,df,27,1,1,5,0
,,,Pablo Ganet,x,mf,28,12,2,5,0
,,,Eneko Zabaleta,o,df,30,10,1,6,1
,,,Dani Vega,x,fw,25,19,1,6,1
,,Atletico Baleares vs Arnedo,Kevin Sibille,x,df,24,1,1,1,0
,,,Jorge Chacon,x,df,33,1,1,1,0
,,,Inaki Olaotua,x,df,29,7,3,2,0
,,,Alex Maestresalas,x,df,30,8,1,2,0
,,,Miguelete,o,fw,21,7,1,3,0
,,,Sergio Benito,o,fw,25,2,1,3,0
,,,Dioni,o,fw,33,179,2,4,0
,,,Guillermo Amelivia,o,df,21,2,1,4,0
,,,Kaxe,o,fw,28,28,1,5,0
,,,Michel Gonzalez,o,mf,27,3,1,5,0
,,,Victor Pastrana,x,fw,26,20,2,6,1
,,,Ivan Pascual,o,mf,23,0,2,6,1
,,Coruxo vs Eldense,Andriu,x,df,32,15,2,1,0
,,,Cristian Lopez,o,fw,33,115,1,1,0
,,,Toni Dovale,o,fw,32,27,1,2,0
,,,Alex Martinez,o,df,32,16,1,2,0
,,,David Anon,o,fw,33,55,2,3,0
,,,Christian Montes,o,mf,25,22,1,3,0
,,,Anton de Vicente,x,mf,33,22,9,4,1
,,,Sergio Ortuno,o,mf,23,5,2,4,1
,,Alcorcon vs Ourense,Christian Borrego,o,fw,26,41,1,1,0
,,,Borja Domingo,o,fw,26,5,2,1,0
,,,Oscar Rivas,o,df,22,3,2,2,0
,,,Jerin Ramos,x,mf,26,4,3,2,0
,,,Alvaro Bustos,o,fw,27,29,1,3,0
,,,Manu,o,df,38,20,1,3,0
,,,Pablo Garcia,o,df,22,8,1,4,1
,,,Hugo Sanz,x,df,20,0,2,4,1
,,Utebo vs Merida,Berto Rosas,o,fw,20,11,1,1,0
,,,Manuel Bonaque,o,df,31,18,2,1,0
,,,Diego Suarez,x,fw,28,43,1,2,0
,,,David Larrubia,o,fw,20,4,1,2,0
,,,Ruben Garces,x,df,29,8,1,3,0
,,,Nacho Gonzalez,o,df,28,8,3,3,0
,,,Miguel Mallada,o,df,27,2,1,4,0
,,,Carlos Cinta,x,fw,24,7,2,4,0
,,,Alvaro Meseguer,o,df,30,10,1,5,1
,,,Jose Artiles,o,mf,29,24,2,5,1
,,Cartagena vs Alcorcon,Pablo de Blasis,x,mf,34,53,3,1,0
,,,Christian Borrego,x,fw,26,41,1,1,0
,,,Armando Sadiku,o,fw,31,151,1,2,0
,,,Alvaro Bustos,x,fw,27,29,1,2,0
,,,Alfredo Ortuno,o,fw,31,104,2,3,0
,,,Oscar Rivas,o,df,22,3,2,3,0
,,,Toni Datkovic,o,df,29,17,2,4,0
,,,Pablo Garcia,o,df,22,8,1,4,0
,,,Damian Musto,o,mf,35,10,1,5,1
,,Saguntino vs Rayo Vallecano,Kike Torrent,x,df,28,2,3,1,0
,,,Radamel Falcao,o,fw,36,303,2,1,0
,,,Carlos David,x,df,36,35,1,2,0
,,,Isi Palazon,o,fw,28,48,4,2,0
,,,Gonzalo Serrano,o,fw,20,2,1,3,0
,,,Mario Suarez,o,mf,35,33,5,3,0
,,,Nacho Ramon,x,fw,23,10,1,4,1
,,Albacete vs Logrones,Higinio Marin,o,fw,29,65,1,1,0
,,,Xavi Boniquet,o,mf,32,14,1,1,0
,,,Juanma Garcia,o,fw,29,62,1,2,0
,,,Inaki Saenz,o,df,34,20,5,2,0
,,,Manu Fuster,x,fw,25,35,4,3,0
,,,Zourdine Thior,x,fw,25,13,1,3,0
,,,Riki Rodriguez,x,mf,25,10,2,4,0
,,,Boubacar Keita,o,mf,22,0,1,4,0
,,,Maikel Mesa,o,mf,31,45,1,5,1
,,,Juan Carlos Menudo,o,mf,31,70,1,5,1
,,Las Palmas vs La Nucia,Marc Cardona,o,fw,27,39,1,1,0
,,,Borja Calvo,o,mf,20,7,2,1,0
,,,Alvaro Lemos,o,df,29,10,5,2,0
,,,Eneko Delgado,o,mf,21,2,1,2,0
,,,Pejino,o,fw,26,20,3,3,0
,,,Fer Pina,o,mf,28,11,3,3,0
,,,Enzo Loiodice,o,mf,22,7,3,4,0
,,,Jorge Garcia,o,mf,29,26,1,4,0
,,,Alberto Moleiro,o,mf,19,3,4,5,0
,,,Thomas Dasquet,o,mf,28,2,2,5,0
,,,Fabio Gonzalez,x,mf,25,0,6,6,1
,,,Adrian Leon,o,mf,33,6,2,6,1
,,Osasuna vs Real Betis,Chimy Avila,o,fw,28,45,4,1,0
,,,Borja Iglesias,o,fw,29,172,4,1,0
,,,Ante Budimir,o,fw,31,116,3,2,0
,,,Loren Moron,o,fw,29,65,7,2,0
,,,Jon Moncayola,o,mf,24,7,6,3,0
,,,Sergio Canales,x,mf,31,66,5,3,0
,,,Kike Barja,o,fw,25,28,8,4,1
,,,Guido Rodriguez,x,mf,28,24,4,4,1
DFB Pokal,2020-2021,Hoffenheim vs Chemnitzer,Andrej Kramaric,o,fw,29,180,6,1,0
,,,Riccardo Grym,x,mf,21,11,1,1,0
,,,Ishak Belfodil,o,fw,28,61,3,2,0
,,,Tobias Muller,x,mf,27,34,3,2,0
,,,Mijat Gacinovic,x,mf,25,23,1,3,0
,,,Kevin Freiberger,o,fw,32,104,2,3,0
,,,Ermin Bicakcic,x,df,30,18,7,4,0
,,,Tim Campulka,o,df,21,14,6,4,0
,,,Christoph Baumgartner,o,mf,21,66,4,5,1
,,,Christian Bickel,x,mf,29,63,2,5,1
,,Regensburg vs Kaiserslautern,Erik Wekesser,o,df,23,44,2,1,0
,,,Kevin Kraus,o,df,28,27,3,1,0
,,,Benedikt Gimber,o,df,23,9,2,2,0
,,,Adam Hlousek,x,df,32,20,2,2,0
,,,Albion Vrenezi,o,mf,27,44,3,3,0
,,,Simon Skarlatidis,o,fw,29,44,2,3,0
,,,Jan Elvedi,x,df,24,12,1,4,0
,,,Marvin Pourie,o,fw,29,123,1,4,0
,,,Markus Palionis,o,df,33,8,7,5,1
,,,Carlo Sickinger,x,df,23,15,7,5,1
,,Hoffenheim vs Greuther Furth,Andrej Kramaric,o,fw,29,180,6,1,0
,,,Maximilian Bauer,x,df,20,11,4,1,0
,,,Sebastian Rudy,o,mf,30,30,9,2,0
,,,David Raum,o,df,22,34,4,2,0
,,,Robert Skov,o,mf,24,62,2,3,0
,,,Paul Seguin,o,mf,25,38,3,3,0
,,,Sargis Adamyan,o,fw,27,112,2,4,0
,,,Nunoo Sarpei,o,mf,22,1,3,4,0
,,,Kevin Vogt,x,df,29,17,5,5,0
,,,Branimir Hrgota,o,fw,27,81,2,5,0
,,,Melayro Bogarde,x,mf,18,3,3,6,0
,,,Sebastian Ernst,x,mf,25,52,4,6,0
,,,Kevin Akpoguma,o,df,25,16,4,7,0
,,,Paul Jaeckel,o,df,22,7,3,7,0
,,,Ryan Sessegnon,o,mf,20,28,1,8,0
,,,Timothy Tillman,o,mf,21,21,2,8,0
,,,Kasim Adams,x,df,25,7,2,9,1
,,,Marco Meyerhofer,o,df,25,9,2,9,1
,,Bochum vs Mainz,Milos Pantovic,o,mf,24,60,3,1,0
,,,Adam Szalai,x,fw,33,97,2,1,0
,,,Erhan Masovic,o,df,22,1,1,2,0
,,,Kevin Stoger,x,mf,27,29,1,2,0
,,,Silvere Ganvoula,o,fw,24,41,3,3,1
,,,Jean-Philippe Mateta,x,fw,23,66,3,3,1
,,Bayern Munich vs Holstein Kiel,Robert Lewandowski,o,fw,32,452,7,1,0
,,,Hauke Wahl,o,df,26,12,7,1,0
,,,Joshua Kimmich,o,mf,25,40,6,2,0
,,,Ahmet Arslan,o,mf,26,99,1,2,0
,,,Thomas Muller,o,fw,31,252,15,3,0
,,,Janni Serra,o,fw,22,75,3,3,0
,,,David Alaba,o,df,28,44,13,4,0
,,,Jae-sung Lee,o,mf,28,48,3,4,0
,,,Douglas Costa,o,fw,30,66,3,5,0
,,,Niklas Hauptmann,o,mf,24,10,1,5,0
,,,Marc Roca,x,mf,24,9,1,6,1
,,,Fin Bartels,o,fw,33,92,4,6,1
,,Darmstadt vs Holstein Kiel,Marvin Mehlem,x,mf,23,30,4,1,0
,,,Hauke Wahl,x,df,26,12,7,1,0
,,,Serdar Dursun,o,fw,29,107,3,2,0
,,,Ahmet Arslan,o,mf,26,99,1,2,0
,,,Fabian Holland,o,df,30,22,7,3,0
,,,Janni Serra,o,fw,22,75,3,3,0
,,,Lukas Mai,o,df,20,9,1,4,0
,,,Finn Porath,o,mf,23,27,2,4,0
,,,Seung-ho Paik,o,mf,23,4,2,5,0
,,,Jae-sung Lee,o,mf,28,48,3,5,0
,,,Immanuel Hohn,o,df,29,17,5,6,0
,,,Fin Bartels,o,fw,33,92,4,6,0
,,,Mathias Honsak,x,fw,24,28,2,7,0
,,,Niklas Hauptmann,x,mf,24,10,1,7,0
,,,Nicolai Rapp,o,mf,24,9,2,8,0
,,,Mikkel Kirkeskov,o,df,29,4,1,8,0
,,,Tim Skarke,x,fw,24,12,2,9,1
,,,Simon Lorenz,o,df,23,22,1,9,1
,,Regensburg vs Koln,Rafael Czichos,o,df,30,46,3,1,0
,,,Erik Wekesser,o,df,23,44,2,1,0
,,,Salih Ozcan,o,mf,22,39,8,2,0
,,,Benedikt Gimber,o,df,23,9,2,2,0
,,,Tolu Arokodare,o,fw,20,22,1,3,0
,,,Andreas Albers,x,fw,30,124,2,3,0
,,,Jorge Mere,x,df,23,5,4,4,0
,,,Albion Vrenezi,o,mf,27,44,3,4,0
,,,Jannes Horn,x,df,23,1,3,5,1
,,,Max Besuschkow,o,mf,23,57,2,5,1
,2021-2022,Darmstadt vs 1860 Munich,Patric Pfeiffer,x,df,22,13,3,1,0
,,,Phillipp Steinhart,o,df,31,34,5,1,0
,,,Fabian Holland,o,df,31,25,8,2,0
,,,Erik Tallig,o,fw,21,23,3,2,0
,,,Fabian Schnellhardt,o,mf,27,51,3,3,0
,,,Dennis Dressel,o,mf,23,43,8,3,0
,,,Braydon Manu,o,fw,24,19,3,4,0
,,,Keanu Staude,o,fw,24,15,2,4,0
,,,Phillip Tietz,o,fw,24,76,1,5,1
,,,Stephan Salger,o,df,31,14,2,5,1
,,Greuther Furth vs Babelsberg,Julian Green,o,mf,26,76,5,1,0
,,,Daniel Frahn,o,fw,34,258,3,1,0
,,,Paul Seguin,o,mf,26,38,4,2,0
,,,Paul Wegener,o,mf,21,8,3,2,0
,,,Branimir Hrgota,x,fw,28,90,3,3,0
,,,Petar Lela,x,df,27,19,3,3,0
,,,Abdourahmare Barry,o,df,21,1,2,4,0
,,,Sven Reimann,o,mf,27,23,5,4,0
,,,Nunoo Sarpei,o,mf,23,1,4,5,0
,,,Jakub Moravec,o,mf,25,22,1,5,0
,,,Maximilian Bauer,x,df,21,11,5,6,1
,,,David Danko,o,mf,29,15,4,6,1
,,Mainz vs Elversberg,Moussa Niakhate,o,df,25,10,4,1,0
,,,Luca Schnellbacher,o,fw,27,96,3,1,0
,,,Kevin Stoger,o,mf,28,30,2,2,0
,,,Robin Fellhauer,o,mf,23,10,3,2,0
,,,Jean-Paul Boetius,o,mf,27,53,4,3,0
,,,Fabian Baumgartel,o,df,32,30,3,3,0
,,,Jonathan Burkardt,o,fw,21,45,7,4,0
,,,Patryck Dragon,o,mf,25,12,4,4,0
,,,Daniel Brosinski,o,df,33,52,8,5,0
,,,Kevin Conrad,o,df,31,12,3,5,0
,,,Aaron Marin,o,df,24,2,4,6,0
,,,Charles-Elie Laprevotte,o,mf,29,10,1,6,0
,,,Jerry St. Juste,o,df,25,13,3,7,0
,,,Felix Muller,o,fw,28,23,1,7,0
,,,Anton Stach,o,mf,23,21,1,8,1
,,,Laurin von Piechowski,x,df,27,12,3,8,1
,,Carl Zeiss vs Koln,Maximilian Oesterhelweg,x,mf,31,61,2,1,0
,,,Tim Lemperle,o,fw,19,30,5,1,0
,,,Leon Burger,x,mf,22,8,1,2,0
,,,Louis Schaub,o,mf,27,80,3,2,0
,,,Vasilios Dedidis,o,fw,21,28,6,3,0
,,,Jan Thielmann,o,fw,19,35,5,3,0
,,,Rene Lange,o,mf,33,26,3,4,1
,,,Ondrej Duda,o,mf,27,44,2,4,1
,,Nuremberg vs Hamburger SV,Johannes Geis,o,mf,28,40,3,1,0
,,,David Kinsombi,o,mf,26,30,3,1,0
,,,Taylan Duman,o,mf,24,37,1,2,0
,,,Sonny Kittel,o,mf,28,88,3,2,0
,,,Lino Tempelmann,x,mf,22,9,1,3,0
,,,Sebastian Schonlau,o,df,27,17,1,3,0
,,,Asger Sorensen,x,df,25,10,3,4,1
,,,Jonas David,o,df,21,4,7,4,1
,,Augsburg vs Bochum,Jeffrey Gouweleeuw,o,df,30,20,7,1,0
,,,Elvis Rexhbecaj,o,mf,24,26,1,1,0
,,,Alfred Fimbogason,o,fw,32,156,7,2,0
,,,Erhan Masovic,o,df,23,1,2,2,0
,,,Tobias Strobl,o,mf,31,16,2,3,0
,,,Danny Blum,o,fw,30,51,3,3,0
,,,Michael Gregoritsch,o,fw,27,79,5,4,0
,,,Sebastian Polter,o,fw,30,139,1,4,0
,,,Arne Maier,x,mf,22,12,1,5,1
,,,Manuel Riemann,o,gk,33,2,7,5,1
,,Regensburg vs Hansa Rostock,Erik Wekesser,o,df,24,45,3,1,0
,,,Bentley Baxter Bahn,o,mf,29,53,3,1,0
,,,Carlo Boukhalfa,o,mf,22,25,1,2,0
,,,Ryan Malone,o,df,29,34,1,2,0
,,,Andreas Albers,x,fw,31,133,3,3,0
,,,Hanno Behrens,o,mf,31,65,1,3,0
,,,Leon Guwara,x,df,25,7,1,4,1
,,,Pascal Breier,o,fw,29,170,5,4,1
,,Hamburger SV vs Koln,David Kinsombi,o,mf,26,30,3,1,0
,,,Salih Ozcan,x,mf,23,42,9,1,0
,,,Sonny Kittel,x,mf,28,88,3,2,0
,,,Anthony Modeste,o,fw,33,173,6,2,0
,,,Mario Vuskovic,o,df,20,5,1,3,0
,,,Dejan Ljubicic,o,mf,24,15,1,3,0
,,,Jan Gyamerah,o,df,26,6,3,4,0
,,,Ondrej Duda,o,mf,27,44,2,4,0
,,,Sebastian Schonlau,o,df,27,17,1,5,1
,,,Florian Kainz,x,mf,29,68,4,5,1
,,Karlsruher vs Hamburger SV,Jerome Gondorf,o,mf,33,39,3,1,0
,,,Srbastian Schonalu,x,df,27,17,1,1,0
,,,Philip Heise,o,df,30,15,2,2,0
,,,Josha Vagnoman,o,df,21,20,6,2,0
,,,Marvin Wanitzek,x,mf,28,55,5,3,0
,,,mario Vuskovic,o,df,20,5,1,3,0
,,,Ricardo van Rhijn,x,df,30,14,1,4,0
,,,Robert Glatzel,o,fw,27,109,1,4,0
,,,Daniel O'Shaughnessy,x,df,27,14,1,5,1
,,Leipzig vs Freiburg,Christopher Nkunku,o,mf,24,57,3,1,0
,,,Nils Petersen,o,fw,33,188,8,1,0
,,,Willi Orban,o,df,29,48,7,2,0
,,,Christian Gunter,x,df,28,14,14,2,0
,,,Dani Olmo,o,mf,23,53,3,3,0
,,,Keven Schlotterbeck,o,df,24,15,4,3,0
,,,Benjamin Henrichs,o,df,24,24,2,4,1
,,,Ermedian Demirovic,x,fw,23,71,2,4,1
,2022-2023,Regensburg vs Koln,Charalambos Makridis,o,fw,26,33,4,1,0
,,,Dejan Ljubicic,o,mf,25,20,2,1,0
,,,Maximilian Thalhammer,o,mf,25,16,1,2,0
,,,Jeff Chabot,x,df,24,12,2,2,0
,,,Benedikt Saller,x,df,30,24,7,3,0
,,,Linton Maina,o,fw,23,31,1,3,0
,,,Aygun Yildirim,o,fw,27,74,2,4,0
,,,Jan Thielmann,o,fw,20,37,6,4,0
,,,Benedikt Gimber,o,df,25,13,5,5,1
,,,Kingsley Ehizibue,x,df,27,12,4,5,1
,,Hertha BSC vs Braunschweig,Vladimir Darida,o,mf,32,50,8,1,0
,,,Immanuel Pherai,o,mf,21,40,1,1,0
,,,Jonjoe Kenny,o,df,25,8,1,2,0
,,,Jan-Hendrick Marx,o,df,27,10,2,2,0
,,,Marvin Plattenhardt,x,df,30,15,9,3,0
,,,Jannis Nikolau,o,mf,29,31,3,3,0
,,,Steven Jovetic,o,fw,33,114,2,4,0
,,,Anton Donkor,x,df,25,49,1,4,0
,,,Chidera Ejuke,o,fw,24,38,1,5,0
,,,Brian Behrendt,o,df,31,23,3,5,0
,,,Ivan Sunjic,o,mf,26,15,1,6,0
,,,Robin Kraube,o,mf,28,23,2,6,0
,,,Marc Oliver Kempf,x,df,27,39,2,7,1
,,,Bryan Henning,o,mf,27,20,2,7,1
,,Mannheim vs Holstein Kiel,Bentley Baxter Bahn,o,mf,30,62,1,1,0
,,,Patrick Erras,o,mf,27,20,2,1,0
,,,Alexander Rossipal,o,df,26,11,2,2,0
,,,Marco Komenda,o,df,26,9,3,2,0
,,,Stefano Russo,o,mf,22,9,3,3,0
,,,Marvin Schulz,x,mf,27,48,1,3,0
,,,Pascal sohm,o,fw,31,74,2,4,0
,,,Kwasi Wriedt,o,fw,28,161,2,4,0
,,,Fridolin Wagner,o,mf,25,42,2,5,1
,,Sandhausen vs Karlsruher,Philipp Ochs,o,fw,25,58,1,1,0
,,,Marvin Wanitzek,o,mf,29,66,6,1,0
,,,Cebio Soukou,o,fw,30,76,2,2,0
,,,Jerome Gondorf,o,mf,34,41,4,2,0
,,,Merveille Papela,o,mf,21,16,1,3,0
,,,Philip Heise,o,df,31,19,3,3,0
,,,Janik Bachmann,o,mf,26,20,3,4,0
,,,Tim Breithaupt,o,mf,20,3,6,4,0
,,,Marcel Ritzmaier,o,mf,29,38,2,5,0
,,,Simone Rapp,o,fw,30,107,1,5,0
,,,Dario Dumic,o,df,30,20,2,6,0
,,,Mikkel Kaufmann,o,fw,21,40,1,6,0
,,,Immanuel Hohn,o,df,31,20,2,7,0
,,,Kyoung-rok Choi,o,mf,27,39,5,7,0
,,,Ahmed Kutucu,o,fw,22,50,2,8,1
,,,Marcel Franke,x,df,29,17,1,8,1
,,Werder Bremen vs Paderborn,Niclas Fullkrug,o,fw,29,143,10,1,0
,,,Robert Leipertz,o,mf,29,113,1,1,0
,,,Milos Veljkovic,o,df,27,7,8,2,0
,,,Julian Justvan,o,mf,24,58,3,2,0
,,,Niklas Schmidt,o,mf,24,59,7,3,0
,,,Florent Muslija,o,fw,24,45,2,3,0
,,,Ilia Gruev,o,mf,22,11,7,4,0
,,,Dennis Srbeny,o,fw,28,98,5,4,0
,,,Leonardo Bittencourt,x,mf,29,75,4,5,1
,,,Richmond Tachie,o,fw,23,63,1,5,1
,,Nuremberg vs Dusseldorf,Johannes Geis,o,mf,29,40,4,1,0
,,,Florian Kastenmeier,o,gk,25,0,4,1,0
,,,Taylan Duman,o,mf,25,39,2,2,0
,,,Christoph Klarer,o,df,22,10,3,2,0
,,,Jan Gyamerah,o,df,27,7,1,3,0
,,,Jorrit Hendrix,o,mf,27,10,1,3,0
,,,Christopher Schindler,o,df,32,16,2,4,0
,,,Jona Niemiec,x,fw,21,3,2,4,0
,,,Erik Shauranov,o,fw,20,42,5,5,1
Coppa Italia,2020-2021,Pescara vs SN Noataresco,Fabio Maistro,o,mf,22,10,1,1,0
,,,Mattia Frulla,o,mf,28,23,2,1,0
,,,Ledian Memushaj,o,mf,34,51,6,2,0
,,,Michele Cesario,o,fw,26,4,1,2,0
,,,Christian Capone,x,mf,21,41,3,3,0
,,,Nicolo Cancelli,x,fw,20,6,3,3,0
,,,Damir Ceter,o,fw,23,25,1,4,0
,,,Lorenzo Bianciardi,o,mf,25,10,1,4,0
,,,Cristian Galano,o,fw,29,93,2,5,0
,,,Pablo Banegas,o,fw,28,76,1,5,0
,,,Raoul Bellanova,o,mf,20,6,1,6,0
,,,Gabriel Colombatti,o,df,30,5,1,6,0
,,,Christian Ventola,o,mf,23,11,5,7,0
,,,Isaia Lattarulo,o,mf,22,10,1,7,0
,,,Stephane Omeonga,x,mf,24,1,1,8,0
,,,Giovanni Blando,x,mf,19,1,3,8,0
,,,Pawel Jaroszynski,o,mf,26,1,1,9,0
,,,Matteo Gallo,o,df,21,2,2,9,0
,,,Gennaro Scognamiglio,o,df,33,36,3,10,1
,,,Matteo Sorrini,x,df,18,0,2,10,1
,,Catanzaro vs Chievo Verona,Massimiliano Carlini,o,fw,34,39,2,1,0
,,,Luca Palmiero,x,mf,24,9,1,1,0
,,,Davis Curiale,o,fw,33,26,1,2,0
,,,Manuel De Luca,o,fw,22,7,1,2,0
,,,Brian Bayeye,x,df,20,0,2,3,0
,,,Jonathan Morsay,o,fw,23,8,2,3,0
,,,Luca Martinelli,o,df,32,6,2,4,0
,,,Sergei Grubac,o,fw,20,0,3,4,0
,,,Paride Pinna,o,df,28,12,2,5,0
,,,Vasile Mogos,o,df,28,14,1,5,0
,,,Desiderio Garufo,o,mf,33,18,1,6,0
,,,Michele Rigione,o,df,29,3,2,6,0
,,,Giacomo Casoli,o,mf,32,23,3,7,0
,,,Emauele Zuelli,o,mf,19,1,5,7,0
,,,Luca Verna,o,mf,27,6,1,8,1
,,,Julian Illanes,x,df,23,1,1,8,1
,,Monopoli vs Reggiana,Mario Mercadante,o,df,25,7,6,1,0
,,,Marcos espeche,o,df,35,5,2,1,0
,,,Domenico Santoro,o,fw,25,8,1,2,0
,,,Bright Gyamfi,o,df,24,4,1,2,0
,,,Alvaro Montero,o,fw,31,2,1,3,0
,,,Mattia Marchi,o,fw,31,12,2,3,0
,,,Eyob Zambataro,x,mf,22,3,1,4,0
,,,Salvatore Pezzella,x,mf,20,17,1,4,0
,,,Lorenzo Paolucci,x,mf,24,17,3,5,1
,,,Igor Radrezza,o,mf,27,22,2,5,1
,,SPAL vs SSC Bari,Salvatore Esposito,o,mf,20,8,3,1,0
,,,Mirco Antenucci,o,fw,36,48,2,1,0
,,,Marko Jankovic,o,mf,25,21,3,2,0
,,,Manuel Marras,o,fw,27,48,1,2,0
,,,Sergio Floccari,x,fw,39,43,5,3,0
,,,Leonardo Candellone,x,fw,23,21,1,3,0
,,,Sebastiano Esposito,o,fw,18,47,1,4,0
,,,Alessandro Minelli,x,df,21,1,1,4,0
,,,Nenad Tomovic,o,df,33,6,2,5,1
,,Monza vs Calcio,Andrea D'Errico,o,mf,28,58,4,1,0
,,,Mirko Stefani,x,df,36,33,3,1,0
,,,Davide Frattesi,o,mf,21,33,1,2,0
,,,Michele Camporse,x,df,28,11,2,2,0
,,,Giuseppe Bellusci,o,df,31,10,2,3,0
,,,Manuel Scavone,o,mf,33,46,1,3,0
,,,Antonino Barilla,o,mf,32,41,1,4,1
,,SPAL vs Crotone,Salvatore esposito,o,mf,20,16,3,1,0
,,,Luca Siligardi,o,fw,32,72,1,1,0
,,,Simone Missiroli,o,mf,34,44,3,2,0
,,,Giovanni Crociata,x,mf,23,14,4,2,0
,,,Marco Sala,x,df,21,5,1,3,0
,,,Salvatore Molina,o,mf,28,17,3,3,0
,,,Sebastiano Esposito,o,fw,18,47,1,4,0
,,,Vladimir Golemic,o,df,29,17,3,4,0
,,,Luca Ranieri,o,df,21,1,1,5,1
,,,Luca Cigarini,x,mf,34,27,1,5,1
,,Venezia vs Hellas Verona,Marco Modolo,x,df,31,23,6,1,0
,,,Darko Lazovic,o,mf,30,50,1,1,0
,,,Dennis Johnsen,x,fw,22,30,1,2,0
,,,Antonin Barak,o,mf,26,43,1,2,0
,,,Luca Fiordilino,o,mf,24,7,2,3,0
,,,Ebrima Colley,o,fw,20,32,1,3,0
,,,Alessandro Capello,x,fw,25,68,2,4,1
,,Torino vs AC Milan,Andrea Belotti,o,fw,27,150,6,1,0
,,,Franck Kessie,o,mf,24,40,4,1,0
,,,Sasa Lukic,o,mf,24,11,5,2,0
,,,Theo Hernandez,o,df,23,19,2,2,0
,,,Lyanco,o,df,23,2,4,3,0
,,,Sandro Tonali,o,mf,20,18,1,3,0
,,,Tomas Rincon,x,mf,32,11,4,4,0
,,,Alessio Romagnoli,o,df,25,14,6,4,0
,,,Vanja Milinkovic-savic,o,gk,23,0,2,5,1
,,,Hakan Calhanoglu,o,mf,26,89,4,5,1
,2021-2022,Calcio vs Venezia,Camilo Ciano,o,fw,31,152,5,1,0
,,,Arnor Sigurdsson,o,fw,22,18,1,1,0
,,,Raffaele Maiello,x,mf,30,29,6,2,0
,,,Daan Heymans,o,mf,22,14,1,2,0
,,,Francesco Zampano,o,df,28,7,4,3,0
,,,Francesco Di Mariano,o,fw,25,41,4,3,0
,,,Pietro lemmello,o,fw,29,134,2,4,0
,,,Tanner Tessmann,x,mf,20,1,1,4,0
,,,Mattia Vitale,o,mf,24,6,3,5,0
,,,Antonio Junior Vacca,o,mf,31,12,3,5,0
,,,Nicolo Brighenti,o,df,32,10,6,6,0
,,,Pietro Ceccaroni,o,df,26,14,3,6,0
,,,Prezemyslaw Szyminski,o,df,27,9,3,7,0
,,,Dennis Johnsen,o,fw,23,34,2,7,0
,,,Alessio Zerbin,o,fw,22,40,1,8,0
,,,Mattia Caldara,o,df,27,21,1,8,0
,,,Federico Gatti,x,df,23,9,1,9,1
,,,Tyrone Ebuehi,o,df,26,2,1,9,1
,,Torino vs Cremonese,Rolando Mandragora,o,mf,24,11,2,1,0
,,,Daniel Ciofani,x,fw,36,198,3,1,0
,,,Simone Verdi,o,mf,29,58,5,2,0
,,,Luca Vido,o,fw,24,59,1,2,0
,,,Nicola Rauti,o,fw,21,64,6,3,0
,,,Michele Castagnetti,x,mf,32,20,4,3,0
,,,Ola Aina,o,df,25,6,3,4,1
,,Brescia Calcio vs Crotone,Riad Bajic,o,fw,27,81,1,1,0
,,,Salvatore Molina,o,mf,29,17,4,1,0
,,,Stefano Moreo,x,fw,28,49,1,2,0
,,,Ahmad Benali,o,mf,29,45,5,2,0
,,,Emanuele Ndoj,x,mf,25,18,5,3,0
,,,Vasile Mogos,o,df,29,30,1,3,0
,,,Nikolas Spalek,o,fw,24,35,5,4,1
,,,Milos vulic,o,mf,25,20,2,4,1
,2022-2023,Sampdoria vs Calcio,Manolo Gabbiadini,o,fw,31,113,7,1,0
,,,Eric Botteghin,o,df,35,43,2,1,0
,,,Gonzalo Villar,x,mf,24,4,1,2,0
,,,Mirko Eramo,o,mf,33,35,4,2,0
,,,Filip Djuricic,o,mf,30,46,3,3,0
,,,Nicola Falasco,x,df,29,6,2,3,0
,,,Francesco Caputo,x,fw,35,191,2,4,0
,,,Cedric Gondo,o,fw,26,78,1,4,0
,,,Valerio Verre,o,mf,28,38,5,5,0
,,,Fabrizio Caligara,x,mf,22,10,3,5,0
,,,Tommaso Augello,o,df,28,6,4,6,0
,,,Marcello Falzerano,o,mf,31,35,1,6,0
,,,Andrea Conti,o,df,28,20,2,7,0
,,,Soufiane Bidaoui,o,fw,32,31,3,7,0
,,,Mehdi Leris,o,fw,24,31,3,8,0
,,,Francesco Donati,o,df,21,2,1,8,0
,,,Nicola Murru,o,df,28,1,5,9,0
,,,Danilo Quaranta,o,df,25,1,3,9,0
,,,Alex Ferrari,o,df,28,3,5,10,0
,,,Aliaz Tavcar,o,df,22,1,2,10,0
,,,Nikita Contini,o,gk,26,0,1,11,1
,,,Enrico Guarna,x,gk,37,0,2,11,1
,,Napoli vs Cremonese,Matteo Politano,o,fw,29,84,4,1,0
,,,Johan Vasquez,o,df,24,6,1,1,0
,,,Giovanni Simeone,o,fw,27,91,1,2,0
,,,Cristian Buonaiuto,o,fw,30,52,3,2,0
,,,Piotr Zielinski,o,mf,28,58,7,3,0
,,,Frank Tsadjout,o,fw,23,44,1,3,0
,,,Stanislav Lobotka,x,mf,28,8,4,4,0
,,,Emanuele Valeri,o,df,24,15,3,4,0
,,,Victor Osimhen,o,fw,24,98,3,5,1
,,,Felix Afena-Gyan,o,fw,19,19,1,5,1
Coupe de France,2020-2021,Fleury vs Annecy,Enxo Bovis,o,df,26,1,4,1,0
,,,Steven Pinto Borges,o,mf,34,11,2,1,0
,,,Zotsara,o,mf,26,12,3,2,0
,,,Maxence Chapuis,o,df,26,11,3,2,0
,,,Sadibou Sylla,x,fw,29,30,3,3,0
,,,Migouel Alfarela,o,fw,23,32,3,3,0
,,,Thomas Gamiette,o,mf,34,17,3,4,0
,,,Jordan Adeoti,o,mf,31,11,1,4,0
,,,Noui Laifa,o,mf,34,19,5,5,1
,,,Julien Perez,o,gk,27,0,6,5,1
,,Monatagnarde vs Briochin,Theo Bloudeau,x,mf,28,24,4,1,0
,,,Devon Romil,x,fw,24,8,3,2,0
,,,Kevin Simon,x,df,29,5,4,3,0
,,,Rafiki said,o,fw,20,14,1,4,0
,,,Benjamin Angoua,o,df,34,9,1,5,1
,,Cap-Ferret vs Aubagne,Matheo Eppert,x,mf,23,5,1,1,0
,,,Florian Galley,o,mf,26,0,2,1,0
,,,Quentin Valadie,o,fw,22,1,1,2,0
,,,Tony Patrao,o,fw,34,41,1,2,0
,,,Cheikh Tidiane Samb,x,df,26,3,2,3,0
,,,Atif Khannous,o,mf,24,1,2,3,0
,,,Jordan Mignon,o,mf,28,16,3,4,1
,,,Mamadou Savane,o,df,24,1,1,4,1
,,Vallieres vs Mezieres,Dorian Leveque,o,df,31,4,1,1,0
,,,Gabriel Dezothez,o,mf,20,4,1,1,0
,,,Ousmane Diaby,o,df,32,3,1,2,0
,,,Theo Jaspierre,x,mf,23,0,2,2,0
,,,Ferhat Yuce,x,mf,25,3,2,3,0
,,,Hamza El Goundoul,x,mf,21,2,1,3,0
,,,Stephane Viglierchio,o,mf,31,5,2,4,0
,,,Matthieu Houlot,o,fw,31,10,4,4,0
,,,Vincent Di Stefano,o,df,27,3,2,5,1
,,Canet Rous vs Stade Poitevin,Jeremy Posteraro,o,mf,29,3,2,1,0
,,,Leo Matignon,o,mf,24,2,2,1,0
,,,Chris Lybohy,o,mf,26,1,2,2,0
,,,Cesar Neto,x,mf,21,1,2,2,0
,,,Glenn Mbimba,o,df,26,1,1,3,0
,,,Jordan Cuvier,x,fw,26,21,2,3,0
,,,Raphael Pioton,x,fw,25,9,1,4,0
,,,Marly Rampont,o,df,20,1,1,4,0
,,,Toufik Ouadoudi,o,mf,25,6,1,5,1
,,Chamalieres vs Le Puy Foot,Exauce Ngassaki,o,fw,23,18,1,1,0
,,,Loic Dufau,o,mf,31,9,4,1,0
,,,Corentin Leymonie,x,df,27,0,1,2,0
,,,Lenny Joseph,o,fw,20,3,2,2,0
,,,Matthieu Tressy,o,mf,25,2,3,3,0
,,,Hassimi Fadiga,o,mf,23,1,1,3,0
,,,Ludgero Porcheron,o,fw,23,18,1,4,0
,,,Lucas Pellegrini,o,df,20,0,1,4,0
,,,Julien Barras,o,df,22,0,3,5,1
,,,Alexy Bosetti,o,fw,27,51,1,5,1
,,Annecy vs Vallieres,Romuald Marie,o,df,32,6,2,1,0
,,,Mathieu Guillaud,o,mf,31,8,1,1,0
,,,Romain Spano,x,fw,26,32,2,2,0
,,,Ousmane Diaby,o,df,32,3,1,2,0
,,,Nicolas Poulain,x,mf,27,18,5,3,0
,,,Dorian Leveque,o,df,31,4,1,3,0
,,,Migouel Alfarela,o,fw,23,32,3,4,0
,,,Jocelyn Gay,x,mf,20,0,2,4,0
,,,Jordan Adeoti,o,mf,31,11,1,5,0
,,,Nikola Volic,x,fw,27,14,2,5,0
,,,Ahmed Kashi,o,mf,32,7,2,6,0
,,,Ashley Moke Ndedi,o,fw,28,11,1,6,0
,,,Alexandre Fillon,o,mf,25,4,4,7,0
,,,Alexi Peuget,o,mf,30,11,1,7,0
,,,Cory Sene,x,df,19,2,1,8,1
,,,Houssame Boinali,o,df,24,1,2,8,1
,,Saumur vs Montagnarde,Arnaud Billeaux,x,mf,35,5,2,1,0
,,,Bovid Itoua Ngoua,x,df,32,2,3,2,0
,,,Ronan Touzet,o,df,23,0,2,3,0
,,,Artur Viaud,o,mf,21,0,1,4,0
,,,Wail Bouhoutt,o,fw,29,17,2,5,0
,,,Quentin Bacha,o,fw,29,5,2,6,1
,,FC Metz vs Monaco,Pape Matar Sarr,o,mf,18,3,1,1,0
,,,Wissam Ben Yedder,o,fw,30,170,2,1,0
,,,Papa Ndiaga Yade,o,fw,20,9,2,2,0
,,,Kevin Volland,o,fw,28,146,1,2,0
,,,Thierry Ambrose,o,fw,23,38,2,3,0
,,,Djibril Sidibe,o,df,28,18,5,3,0
,,,Habib Maiga,x,mf,24,6,3,4,0
,,,Cesc Fabregas,o,mf,33,124,3,4,0
,,,Dylan Bronn,o,df,25,14,2,5,1
,,,Stevan Jovetic,o,fw,31,102,4,5,1
,,Red Star vs Olympique Lyon,Pape Meissa Ba,o,fw,23,10,1,1,0
,,,Bruno Guimaraes,o,mf,23,11,2,1,0
,,,Damien Durand,o,fw,25,17,1,2,0
,,,Lucas Paqueta,o,mf,23,26,1,2,0
,,,Alan Dzabana,o,fw,23,31,1,3,0
,,,Marcelo,o,df,33,35,4,3,0
,,,Diego Michel,x,mf,23,9,2,4,0
,,,Jason Denayer,o,df,25,11,3,4,0
,,,Cheikh NDoye,o,mf,34,58,1,5,1
,,,Karl Toko Ekambi,o,fw,28,112,2,5,1
,,Montpellier vs PSG,Teji Savanier,o,mf,29,43,2,1,0
,,,Angel Di Maria,o,fw,32,148,6,1,0
,,,Andy Delort,o,fw,29,105,3,2,0
,,,Julian Draxler,o,fw,27,87,5,2,0
,,,Stephy Mavididi,o,fw,22,54,1,3,0
,,,Leandro Parades,o,mf,26,23,3,3,0
,,,Mihailo Ristic,o,df,25,11,3,4,0
,,,Marquinhos,o,df,26,28,8,4,0
,,,Gaetan Laborde,o,fw,26,79,3,5,0
,,,Neymar,o,fw,28,270,4,5,0
,,,Junior Sambia,x,df,24,12,4,6,1
,,,Moise Kean,o,fw,20,72,1,6,1
,2021-2022,AS Vitre vs AS Panazol,Thomas Parada,o,df,25,0,1,1,0
,,,Eliott Sorin,o,mf,28,8,6,2,0
,,,Abdoul Sakirou Bila,x,fw,29,34,1,3,0
,,,Jordan Lebacle,o,mf,29,12,6,4,0
,,,Jocelyn Laurent,o,df,26,2,1,5,1
,,Nancy-Lorriane vs Troyes,Andrew Jung,o,fw,24,58,1,1,0
,,,Adil Rami,o,df,36,31,1,1,0
,,,Neil El Aynaoui,o,mf,20,2,2,2,0
,,,Hyun-jun Suk,x,fw,30,63,5,2,0
,,,Giovanni Haag,o,mf,21,5,3,3,0
,,,Brandon Dominques,o,mf,21,13,4,3,0
,,,Warren Bondo,o,mf,18,3,2,4,1
,,,Yasser Larouci,x,df,20,2,1,4,1
,,Sochaux vs FC Nantes,Samy Faraj,o,mf,20,9,3,1,0
,,,Roli Pereira de Sa,o,mf,25,12,3,1,0
,,,Malcolm Viltard,o,mf,19,5,3,2,0
,,,Samuel Moutoussamy,o,mf,25,6,3,2,0
,,,Maxime Do Couto,o,fw,25,12,1,3,0
,,,Srbastien Corchia,o,df,31,16,2,3,0
,,,MArvin Senaya,o,df,20,0,1,4,0
,,,Marcus Coco,o,fw,25,10,3,4,0
,,,Christophe Diedhiou,x,df,33,11,3,5,1
,,,Nicolas Pallois,o,df,34,16,3,5,1
,,Dijon vs AS Cannes,Alex Dobre,o,fw,23,13,2,1,0
,,,Quentin Moutiapoulle,x,df,29,6,1,1,0
,,,Lucas Deaux,x,mf,33,20,1,2,0
,,,Souleiman Djabour,o,fw,33,30,1,2,0
,,,Frederic Sammaritano,x,mf,35,71,7,3,0
,,,Julien Domingues,o,fw,26,15,1,3,0
,,,Amir Arli,o,mf,18,8,3,4,0
,,,Maxime Aguad,x,df,25,3,1,4,0
,,,Aurelien Scheidler,x,fw,23,28,2,5,1
,,,Stanislas Kielt,o,fw,20,7,1,5,1
,,Beauvais VS ES Thaon,John Popolard,o,mf,36,6,1,1,0
,,,Diego Alves,o,df,24,4,3,1,0
,,,Cedric Odzoumo,o,fw,26,28,1,2,0
,,,Anthony Colin,o,mf,34,1,3,2,0
,,,Guillaume Dore,x,mf,24,1,3,3,0
,,,Sebastien Lecoanet,o,mf,27,7,3,3,0
,,,Oumar Diakhite,x,mf,29,6,1,4,1
,,,Mohamed Comara,o,fw,30,26,3,4,1
,,Metz vs Bergerac,Ibrahima Niane,o,fw,22,32,5,1,0
,,,Damien Fachan,o,mf,31,15,4,1,0
,,,Pape matar Sarr,x,mf,19,5,2,2,0
,,,Romain Escarpit,o,fw,23,16,1,2,0
,,,Papa Ndiaga Yade,o,fw,21,9,3,3,0
,,,Sam Ducros,o,df,27,0,6,3,0
,,,Jemerson,o,df,29,12,1,4,0
,,,Kevin Mingoua,o,df,27,1,1,4,0
,,,Farid boulaya,o,fw,28,26,5,5,1
,,,Hicham M'laab,o,mf,31,13,2,5,1
,,Dinan Lehon vs Stade Brestois,Lino Dufouil,x,mf,23,0,1,1,0
,,,Steve Mounie,o,fw,27,64,2,1,0
,,,Kevin Coiffic,o,df,27,2,2,2,0
,,,Jeremy Le Douaron,x,fw,23,23,2,2,0
,,,Djillali Benakli,x,fw,27,1,2,3,0
,,,Paul Lasne,o,mf,32,15,3,3,0
,,,Victor Lefebvre,o,df,27,8,3,4,0
,,,Frank Honorat,x,fw,25,30,2,4,0
,,,Florian Jegu,o,fw,32,53,3,5,0
,,,Irvin Cardona,o,fw,24,58,3,5,0
,,,Florent Herve,o,df,31,4,5,6,0
,,,Lucien Agoume,o,mf,19,1,1,6,0
,,,Mongo Mbongue,o,df,35,1,5,7,0
,,,Jean-Kevin Duverne,o,df,24,4,3,7,0
,,,Alban Dupa,o,fw,23,8,1,8,0
,,,Brendan Chardonnet,o,df,27,11,9,8,0
,,,Pierre Houssou,o,mf,25,0,2,9,0
,,,Lilian Brassier,o,df,22,4,2,9,0
,,,Pierre-Alexis Barbe,x,gk,26,0,4,10,0
,,,Gautier Larsonneur,x,gk,24,0,7,10,0
,,,Lino Dufouil,o,mf,23,0,1,11,0
,,,Steve Mounie,o,fw,27,64,2,11,0
,,,Kevin Coiffic,o,df,27,2,2,12,0
,,,Jeremy Le Douaron,o,fw,23,23,2,12,0
,,,Djillali Benakli,o,fw,27,1,2,13,0
,,,Paul Lasne,o,mf,32,15,3,13,0
,,,Victor Lefebvre,o,df,27,8,3,14,0
,,,Irvin Cardona,o,fw,24,58,3,14,0
,,,Florian Jegu,o,fw,32,53,3,15,0
,,,Lucien Agoume,o,mf,19,1,1,15,0
,,,Florent Herve,x,df,31,4,5,16,1
,,,Jean-Kevin Duverne,o,df,24,4,3,16,1
,,Quevilly Rouen vs Stade Lavallois,Bridge Ndilu,o,fw,21,15,1,1,0
,,,Julien Maggiotti,x,mf,26,20,1,1,0
,,,Florian Jozefzoon,o,fw,30,33,1,2,0
,,,Geoffray Durbant,o,fw,29,59,1,2,0
,,,Stephane Lambese,x,df,26,3,1,3,0
,,,Jimmy Roye,x,mf,33,79,1,3,0
,,,Cyril Zabou,o,fw,25,6,1,4,0
,,,Sebastien de Silva,o,fw,30,49,1,4,0
,,,Romain Padovani,o,df,32,23,2,5,1
,,Bergerac vs US Creteil,Damien Fachan,o,mf,31,15,4,1,0
,,,Kevin Farade,o,fw,26,45,2,1,0
,,,Romain Escarpit,o,fw,23,16,1,2,0
,,,Fabio Pereira,o,mf,31,8,4,2,0
,,,Sam Ducros,o,df,27,0,6,3,0
,,,Youness Aouladzian,o,mf,23,6,1,3,0
,,,Kevin Mingoua,o,df,27,1,1,4,0
,,,Axel Urie,o,fw,22,5,1,4,0
,,,Hicham M'laab,o,mf,31,13,2,5,1
,,,Kamel Chergui,x,fw,28,20,2,5,1
,,Stade Ren vs AS Nancy,Gaetan Laborde,x,fw,27,96,1,1,0
,,,Warren Bondo,o,mf,18,3,2,1,0
,,,Lovro Majer,o,mf,23,43,1,2,0
,,,Mickael Biron,x,fw,24,25,2,2,0
,,,Jonas Martin,o,mf,31,22,3,3,0
,,,Vinni Triboulet,o,fw,22,10,4,3,0
,,,Mathys Tel,x,fw,16,9,1,4,0
,,,Dorian Bertrand,o,fw,28,15,3,4,0
,,,Baptiste Santamaria,o,mf,26,19,1,5,0
,,,Elliot Simoes,x,mf,22,3,1,5,0
,,,Loic Bade,x,df,21,3,1,6,1
,,,Shaquil Delos,o,df,22,4,1,6,1
,,Linas-Montlhery vs Amiens SC,Johan Roca,o,mf,35,4,3,1,0
,,,Mathis Lachuer,o,mf,21,1,3,1,0
,,,Teddy Duval ,o,mf,28,2,3,2,0
,,,Bongani Zungu,o,mf,29,14,5,2,0
,,,Aurelien Ngeyitala,o,fw,27,18,1,3,0
,,,Harouna Sy,o,df,25,0,1,3,0
,,,Elhadji Tchabo,x,df,24,1,3,4,0
,,,Gaoussou Traore,o,mf,22,1,3,4,0
,,,Tom Bouvil,x,fw,29,2,1,5,1
,,LOSC Lille vs Lens,Jonathan Bamba,o,fw,25,38,4,1,0
,,,Wesley Said,o,fw,26,40,1,1,0
,,,Jose Fonte,x,df,38,31,4,2,0
,,,Gael Kakuta,o,mf,30,50,2,2,0
,,,Sven Botman,o,df,21,21,2,3,0
,,,Corentin Jean,o,fw,26,38,3,3,0
,,,Jeremy Pied,o,df,32,14,4,4,0
,,,Jonathan Clauss,x,df,29,35,2,4,0
,,,Renato Sanches,x,mf,24,15,3,5,1
,,,Seko Fofana,o,mf,26,36,2,5,1
,,SC Bastia vs Stade Reims,Adil Taoui,o,fw,20,3,1,1,0
,,,Hugo Ekitike,o,fw,19,19,3,1,0
,,,Yohan Bocognano,o,df,31,22,4,2,0
,,,Fraser Hornby,o,fw,22,28,2,2,0
,,,Christophe Vincent,o,mf,29,8,7,3,0
,,,Andreaw Gravillon,x,df,23,11,1,3,0
,,,Frank Magri,o,fw,22,17,1,4,0
,,,Nathanael Mbuku,o,fw,19,6,4,4,0
,,,Benjamin Santelli,o,fw,30,24,3,5,1
,,Montpellier vs Marseille,Mamadou Sakho,o,df,31,12,1,1,0
,,,Valentin Rongier,o,mf,27,11,3,1,0
,,,Mihailo Ristic,x,df,26,12,4,2,0
,,,Arkadiusz Milik,o,fw,27,135,2,2,0
,,,Leo Leroy,o,mf,21,3,1,3,0
,,,Cengiz Under,o,fw,24,50,1,3,0
,,,Sacha Delaye,o,mf,19,1,3,4,0
,,,Matteo Guendouzi,o,mf,22,7,1,4,0
,,,Joris Chotard,o,mf,20,2,4,5,1
,,,Dimitri Payet,o,mf,34,135,8,5,1
,,OGC Nice vs PSG,Morgan Schneiderlin,o,mf,32,17,2,1,0
,,,Lionel Messi,o,fw,34,684,1,1,0
,,,Jean-Clair Todibo,o,df,22,3,2,2,0
,,,Kylian Mbappe,o,fw,23,192,5,2,0
,,,Youcef Atal,o,df,25,10,4,3,0
,,,Leandro Paredes,x,mf,27,24,4,3,0
,,,Andy Delort,x,fw,30,127,1,4,0
,,,Julian Draxler,o,fw,28,89,6,4,0
,,,Amine Gouiri,o,fw,21,43,2,5,0
,,,Marco Verratti,o,mf,29,13,10,5,0
,,,Evann Guessand,o,fw,20,17,4,6,0
,,,Juan Bernat,o,df,28,20,4,6,0
,,,Dante,o,df,38,26,6,7,1
,,,Xavi Simons,x,mf,18,16,3,7,1
,,Bergerac vs Versailles,Damien Fachan ,o,mf,31,15,4,1,0
,,,Melvyn Vieira,o,mf,32,6,1,1,0
,,,Romain Escarpit,o,fw,23,16,1,2,0
,,,Makan Traore,o,df,29,2,1,2,0
,,,Sam Ducros,o,df,27,0,6,3,0
,,,Yohan Brun,o,fw,27,23,1,3,0
,,,Kevin Mingoua,x,df,27,1,1,4,0
,,,Inza Diarrassouba,o,mf,31,9,1,4,0
,,,Adrian Sahibeddine,o,mf,27,11,1,5,1
,,,Waly Diouf,o,df,24,1,1,5,1
,,AS Monaco vs Nantes,Wissam Ben Yedder,x,fw,31,209,3,1,0
,,,Randal Kolo Muani,o,fw,23,36,3,1,0
,,,Axel Disasi,o,df,23,9,2,2,0
,,,Quentin Merlin,o,df,19,1,3,2,0
,,,Aurelien Tchouameni,x,mf,21,8,3,3,0
,,,Samuel Moutoussamy,o,mf,25,5,3,3,0
,,,Kevin Volland,o,fw,29,158,2,4,1
,,,Moses Simon,o,fw,26,60,3,4,1
,2022-2023,Charente FC vs Trelissac,Thierry Lemaitre,x,fw,22,12,2,1,0
,,,Exauce Ngassaki,x,fw,25,23,2,1,0
,,,Alexandre Mourabit,x,mf,28,8,3,2,0
,,,Jorris Romil,o,fw,28,30,1,2,0
,,,Arnaud Buisson,o,mf,28,7,1,3,0
,,,Cheick Alan Diarra,o,mf,29,28,1,3,0
,,,Andre-Patrick Keyoubi,o,df,25,2,1,4,0
,,,Jimmy Burgho,o,df,33,1,8,4,0
,,,Leo Fichten,o,mf,28,26,3,5,1
,,,Cheick Keita,o,mf,22,1,2,5,1
,,CMS Oissel vs AS Poissy,Yann Guillo,o,mf,29,0,4,1,0
,,,Thomas Skolski,o,df,27,1,1,1,0
,,,Jeremy Prieur,o,df,34,8,3,2,0
,,,Jilvaro Luyinga,x,fw,21,2,1,2,0
,,,Jason Gibon,o,mf,29,12,3,3,0
,,,Wilfried Alledji,o,df,32,11,1,3,0
,,,Cady Pandi,x,fw,27,4,2,4,0
,,,Amadou Konate,o,fw,25,28,1,4,0
,,,Matteo Mendy,o,fw,24,19,1,5,0
,,,Ernest Seka,o,df,35,17,1,5,0
,,,Abdoul Kone,o,mf,31,2,2,6,0
,,,Christopher Lina,o,mf,28,1,5,6,0
,,,Quentin Stockley,o,mf,25,12,2,7,1
,,,Jaime Pallhares,x,mf,31,22,3,7,1
,,Orvault Sports vs Stade Lavallois,Geoffray Durbant,o,fw,30,71,2,1,0
,,,Marvin Baudry,x,df,32,13,2,2,0
,,,Jimmy Roye,o,mf,34,80,2,3,0
,,,Sam Sanna,o,mf,23,4,1,4,0
,,,Remy Duterte,o,df,28,6,2,5,0
,,,Kader N'Chobi,o,fw,27,30,2,6,0
,,,Pierrick Cros,x,df,30,5,3,7,1
,,AS Saint-Etienne vs Rodez AF,Louis Mouton,o,mf,20,6,5,1,0
,,,Florian David,o,fw,30,36,4,1,0
,,,Jimmy Giraudon,o,df,30,2,1,2,0
,,,Lorenzo Rajot,o,mf,25,5,2,2,0
,,,Victor Lobry,x,mf,27,19,1,3,0
,,,Marvin Senaya,x,df,21,2,1,3,0
,,,Leo Petrot,o,df,25,4,2,4,0
,,,Loris Mouyokolo,o,df,21,0,1,4,0
,,,Ibrahima Wadji,x,fw,27,63,1,5,1
,,,Clement Depres,o,fw,28,23,2,5,1
,,Toulon vs Aubagne,Oumar Diop,o,df,28,0,3,1,0
,,,Gaetan Thereau,o,mf,34,2,2,1,0
,,,Bilel El Hamzaoui,o,df,30,24,2,2,0
,,,Adama Soumare,o,df,27,1,2,2,0
,,,Najib Gandi,x,mf,28,7,1,3,0
,,,Mamadou Savane,o,df,26,4,2,3,0
,,,Abdoulaye Diallo,o,fw,30,49,4,4,0
,,,Brad Pirioua,o,mf,22,1,1,4,0
,,,Farah Gomis,x,fw,30,10,2,5,1
,,Pryve Hilaire vs Dijon,Antonie Cottereau,o,df,23,3,2,1,0
,,,Mickael Le Bihan,x,fw,32,90,2,1,0
,,,Rodrigue N'cho,x,mf,31,2,5,2,0
,,,Didier Ndong,o,mf,28,5,3,2,0
,,,Mathis Cherchour,o,fw,23,13,4,3,0
,,,Roger Assale,o,fw,29,58,3,3,0
,,,Raphael Galas,x,mf,25,8,3,4,0
,,,Zargo Toure,x,df,33,9,2,4,0
,,,Raphael Gerbeaud,o,fw,22,24,1,5,1
,,,Yanis Chahid,x,mf,18,1,3,5,1
,,Mezieres vs SC Bastia,Clement Gonel,x,fw,26,8,4,1,0
,,,Antony Robic,o,fw,36,63,3,1,0
,,,Hugo Cervantes Casado,o,fw,26,7,5,2,0
,,,Sebastian salles-Lamonge,o,mf,26,30,4,2,0
,,,Moussa Bana,o,df,25,1,1,3,0
,,,Kylian Kaiboue,o,mf,24,10,2,3,0
,,,Samy Lamine,x,df,27,2,4,4,1
,,,Kevin Van Den Kerkhof,o,df,26,39,1,4,1
,,Aubervilliers vs QRM,Paul Serge Mvondo,o,df,36,2,4,1,0
,,,Alexandre Tegar,x,df,22,2,2,1,0
,,,Masire Konate,o,mf,22,5,3,2,0
,,,Till Cissokho,x,df,22,3,2,2,0
,,,Mouhoub Nait Merabet,o,mf,29,5,1,3,0
,,,Louis Mafouta,o,fw,28,63,1,3,0
,,,Alpha Kaba,o,fw,24,1,1,4,1
,,AS Vitre vs Paotred Dispount,Eliot Sorin,o,mf,29,12,7,1,0
,,,Pierre Le Reste,o,df,31,3,3,1,0
,,,Matthis Jourdan,o,fw,25,25,2,2,0
,,,Martin Le Gall,o,mf,20,0,1,2,0
,,,Glenn Le Gall,o,fw,27,25,4,3,0
,,,Fabien Prat,o,df,27,0,3,3,0
,,,Alban Bekombo,x,fw,23,13,1,4,0
,,,Mikael Guillamot,o,mf,28,1,3,4,0
,,,Jocelyn Laurent,x,df,27,4,2,5,1
,,Bourgoin Jallieu vs C.S.F,Alexandre Roselli,o,df,25,9,4,1,0
,,,Nikola Volic,x,fw,29,29,2,1,0
,,,Alexis Gonzalez,x,fw,33,13,1,2,0
,,,Nikolaz Poujol,o,df,25,6,2,2,0
,,,Aziz Bouzit,o,fw,28,25,2,3,0
,,,Maxence Fortier,o,fw,23,16,4,3,0
,,,Antony Sejallon,x,mf,33,6,4,4,0
,,,Naofel Hdoubane,o,fw,19,7,1,4,0
,,,Sofiane Atik,o,mf,36,32,2,5,1
,,,Loic Albrecht,o,df,25,8,3,5,1
,,Vannes OC vs Concarneau,Hermann Esmel,o,mf,23,3,1,1,0
,,,Ambroise Gboho,o,fw,28,37,1,1,0
,,,Mathias Blanchard,o,mf,23,8,1,2,0
,,,Gaoussou Traore,o,mf,23,6,1,2,0
,,,Claudel Ngoubou,o,fw,21,3,2,3,0
,,,Maxime Etuin,o,mf,27,9,2,3,0
,,,Thibault Bouedec,o,df,29,1,2,4,0
,,,Amine Boutrah,o,fw,22,21,2,4,0
,,,Dollard Wandji,o,df,26,4,1,5,0
,,,Mamadou Sylla,o,df,27,5,1,5,0
,,,Marvin Duclovel,o,df,26,9,2,6,1
,,,Thibault Sinquin,x,mf,30,9,6,6,1
,,Valenciennes vs Red Star,Joffrey Cuffaut,o,df,34,28,5,1,0
,,,Hacene Benali,o,fw,23,20,2,1,0
,,,Mathis Picouleau,x,mf,22,7,3,2,0
,,,Rayan Slimani,x,mf,19,0,1,2,0
,,,Jason Berthomier,o,mf,32,46,1,3,0
,,,Nathanael Dieng,x,df,25,1,2,3,0
,,,Ugo Bonnet,o,fw,29,44,2,4,1
,,,Jason Tre,x,df,24,1,2,4,1
,,US Alencon vs Le Havre,Tony Hiaumet,o,df,37,4,6,1,0
,,,Victor Lekhal,o,mf,28,12,11,1,0
,,,Yonel Raddas,o,df,26,0,2,2,0
,,,Nabil Alioui,o,fw,23,27,3,2,0
,,,Karim El Hamdaoui,o,df,31,5,5,3,0
,,,Quentin Cornette,o,fw,28,16,3,3,0
,,,Amaury Tessier,o,fw,29,22,5,4,0
,,,Nolan Mbemba,x,mf,27,2,3,4,0
,,,Hakim El Hamdaoui,o,fw,31,53,5,5,1
,,Saint-Malo vs SM Caen,Alexandre Le Nedic,o,df,24,0,1,1,0
,,,Benjamin Jeannot,o,fw,30,55,4,1,0
,,,Sofiane Barroug,x,mf,21,13,1,2,0
,,,Romain Thomas,o,df,34,33,1,2,0
,,,Alexandre Leroyer,o,df,26,9,2,3,0
,,,Alexandre Mendy,x,fw,28,76,3,3,0
,,,Alexis Taipa,o,df,24,2,1,4,0
,,,Djibril Diani,o,mf,24,10,2,4,0
,,,Christian Kitenge,x,fw,21,17,1,5,1
,,,Hianga'a Mbock,o,mf,23,7,1,5,1
,,AG Plouvorn vs FC Sable,Anthony Derouard,o,mf,30,20,4,1,0
,,,Marwan Aouadi,o,fw,21,5,1,2,0
,,,Nelson Kabeya,o,fw,29,38,3,3,0
,,,Mohamed Camara,o,df,28,0,1,4,0
,,,Florian Monnier,x,df,23,4,3,5,1
,,Chamois vs Bergerac,Bryan Passi,o,df,25,5,4,1,0
,,,Damien  Fachan,o,mf,32,18,5,1,0
,,,Yanis Merdji,o,fw,29,31,2,2,0
,,,Anthony Soubervie,o,df,38,30,1,2,0
,,,Junior Olaitan,o,mf,20,5,2,3,0
,,,Victor Elissalt,o,mf,31,11,3,3,0
,,,Moataz Zemzemi,o,mf,23,17,2,4,0
,,,Christian Gyeboaho,o,mf,26,7,2,4,0
,,,Bilal Boutobba,o,fw,24,25,3,5,1
,,,Hicham M'Laab,x,mf,32,19,3,5,1
,,FC Loon-Plage vs CMS Oissel,Dimitri Boudaud,o,mf,35,28,1,1,0
,,,Yann Guillo,o,mf,29,0,4,1,0
,,,Allan De Meyer,o,mf,23,0,3,2,0
,,,Abdelali Ouadah,x,df,34,0,1,2,0
,,,Jeremy Huysman,o,mf,34,6,1,3,0
,,,Alexis Louiserre,o,df,25,0,2,3,0
,,,Anthony Milliot,o,fw,26,1,3,4,0
,,,Matteo Mendy,o,fw,24,19,1,4,0
,,,Florian Leblanc,o,mf,32,0,2,5,1
,,ES Thaon vs FCSM,Diego Alves,x,df,25,5,4,1,0
,,,Samy Faraj,x,mf,21,13,4,1,0
,,,Karim Koriche,o,mf,28,0,3,2,0
,,,Valentin Henry,o,df,29,6,2,2,0
,,,Victor Didierjean,o,df,28,0,4,3,0
,,,Tony Mauricio,x,fw,28,46,2,3,0
,,,Wilfried Rother,o,df,32,10,4,4,1
,,,Valentine Ozornwafor,x,df,23,2,1,4,1
,,Les Herbiers vs Guingamp,Jeremy Billy,x,fw,28,45,3,1,0
,,,Mehdi Baaloudj,o,fw,21,22,2,1,0
,,,Pierre Grellier,o,fw,25,22,3,2,0
,,,Jules Gaudin,o,df,22,2,4,2,0
,,,Alexandre Lavenant,o,df,27,5,1,3,0
,,,Baptiste Guillaume,o,fw,27,48,1,3,0
,,,Lucas Daury,o,mf,27,26,1,4,0
,,,Stephen Quemper,x,df,29,10,2,4,0
,,,Thibaut Plisson,o,df,24,3,1,5,1
,,,Jeremy Livolant,x,fw,24,29,3,5,1
,,JA Drancy vs P.Cassel,Mohamed Paye,x,mf,24,3,1,1,0
,,,Sayon Keita,o,fw,30,25,4,2,0
,,,Steeve Penel,x,df,36,2,3,3,0
,,,Antoine Metzler,o,df,29,12,3,4,0
,,,Sofiane Boukhedimi,x,df,19,0,2,5,1
,,FC Lannion vs Bell nantes,Junior Vidot,o,mf,31,14,5,1,0
,,,Antonie Guiziou,o,df,26,4,5,2,0
,,,Karim Achahbar,o,mf,26,29,2,3,0
,,,Florain Kerger,o,df,31,2,4,4,0
,,,Steve Devaux,x,mf,27,20,5,5,0
,,,Louka Morin,o,mf,20,8,3,6,0
,,,Romain Le Mehaute,x,mf,25,5,4,7,0
,,,Hugo Julien ,o,df,19,1,2,8,0
,,,Baptiste Davai,o,gk,21,0,4,9,1
,,FC Limonest vs Jura Sud,Nicolas Belvito,o,fw,36,84,2,1,0
,,,Tiago,o,fw,29,35,2,1,0
,,,Martin Mihajlovic,x,mf,23,0,2,2,0
,,,Mara Wague,o,df,25,2,1,2,0
,,,Hichem Zoghlami,o,mf,20,0,1,3,0
,,,Jordan Gaubey,o,mf,29,23,4,3,0
,,,Ralph Kottoy,x,mf,30,13,1,4,1
,,,Damien Andrey,o,mf,25,1,4,4,1
,,Reims vs Wasquehal,Jordann Yeye,o,fw,34,15,2,1,0
,,,Geoffrey Cabaye,o,mf,33,16,5,1,0
,,,Thibaut Logette,o,df,26,4,3,2,0
,,,Jawed Kalai,o,fw,22,7,1,2,0
,,,Baptiste Fournier,x,df,26,0,2,3,0
,,,Fares Hassani,o,mf,31,31,3,3,0
,,,Mickael Tacalfred,x,df,41,11,2,4,1
,,,Karamba Dansoko,o,fw,25,13,1,4,1
,,Angers vs Strasbourg,Himad Abdelli,o,mf,23,13,1,1,0
,,,Habib Diallo,o,fw,27,107,3,1,0
,,,Abdallah Sima,o,fw,21,29,1,2,0
,,,Lebo Mothiba,o,fw,26,41,4,2,0
,,,Batista Mendy,o,mf,22,1,2,3,0
,,,Adrein Thomasson,o,mf,29,57,5,3,0
,,,Amine Salama,o,fw,22,3,1,4,0
,,,Jean-Ricner Bellegarde,x,mf,24,13,4,4,0
,,,Nabil Bentaleb,x,mf,28,31,2,5,0
,,,Habib Diarra,o,mf,18,6,2,5,0
,,,Ousmane Camara,o,df,19,0,1,6,1
,,,Gerzino Nyamsi,x,df,25,6,2,6,1
,,Evreux vs Sc Bastia,Thomas Valentin,o,mf,29,11,5,1,0
,,,Sebastian salles-Lamonge,x,mf,26,30,4,1,0
,,,Dayatoule Mendes,x,fw,28,5,3,2,0
,,,Kevin Van Den Kerkhof,o,df,26,39,1,2,0
,,,Ikauar Mendes,o,fw,23,27,2,3,0
,,,Kylian Kaiboue,o,mf,24,10,2,3,0
,,,Jonathan Betin,o,df,32,3,4,4,0
,,,Kevin Schur,o,fw,32,27,5,4,0
,,,Elton Boketsu,x,fw,30,17,5,5,1
,,,Migouel Alfarela,o,fw,25,45,1,5,1
,,Clermont 63 vs FCOSK 06,Muhammed Cham,o,mf,22,34,1,1,0
,,,Mohamed Cherief,o,mf,33,12,3,1,0
,,,Jim Allevinah,x,fw,27,24,4,2,0
,,,Alexis Mouakit,o,df,28,0,3,2,0
,,,Yanis Massolin,o,mf,20,0,1,3,0
,,,Wacim Tine,x,mf,31,13,3,3,0
,,,Florent Ogier,o,df,33,15,5,4,0
,,,Habib Ibrahim Sidow,o,fw,27,2,2,4,0
,,,Baila Diallo,x,df,21,5,3,5,1
,,,Samuel KeKambus,o,fw,26,6,2,5,1
,,AS Monaco vs Rodez AF,Wissam Ben Yedder,o,fw,32,233,4,1,0
,,,Aymen Abdennour,o,df,33,17,1,1,0
,,,Axel Disasi,o,df,24,16,3,2,0
,,,Bradley Danger,o,df,24,12,2,2,0
,,,Eliesse Ben Seghir,o,mf,17,7,2,3,0
,,,Killian Corredor,x,fw,22,18,2,3,0
,,,Caio Henrique,o,df,25,5,3,4,0
,,,Marvin Senaya,o,df,21,2,1,4,0
,,,Aleksandr Golovin,x,mf,26,43,5,5,0
,,,Clement Depres,o,fw,28,23,2,5,0
,,,Soungoutou Magassa,x,df,19,1,2,6,1
,,,Andy Pembele,o,fw,22,7,1,6,1
,,Amiens SC vs ES Thaon,Tolu Arokodare,o,fw,22,43,2,1,0
,,,Diego Alves,o,df,25,5,4,1,0
,,,Hassane Bande,x,fw,24,21,1,2,0
,,,Karim Koriche,o,mf,28,0,3,2,0
,,,Mehdi Bariki,o,fw,22,13,2,3,0
,,,Victor Didierjean,o,df,28,0,4,3,0
,,,Siriky Diabate,x,df,20,0,2,4,1
,,,Theo Gazagnes,o,mf,30,13,4,4,1
,,FC Chamalieres vs Bourges 18,Michael Nsilu Kuyenga,x,fw,20,1,1,1,0
,,,Raouf Mroivili,x,mf,23,7,1,1,0
,,,Vinicius Gomes,o,df,24,4,2,2,0
,,,Ibrahim Fofana,o,fw,28,22,1,2,0
,,,Bakeba-Lamine Dibane,o,fw,26,10,2,3,0
,,,Andrea Marques,o,df,25,10,2,3,0
,,,Fred Gnalega,x,mf,21,0,1,4,0
,,,Brice Hereson,o,df,26,2,2,4,0
,,,Orphe Mbina,o,fw,22,23,1,5,0
,,,Kabba Sambou,x,df,26,2,2,5,0
,,,Pie-Luxton Bekili,o,df,22,2,1,6,0
,,,Ibou Faye,o,mf,31,1,2,6,0
,,,Mathis Dodin,o,mf,23,1,4,7,0
,,,Julien Farnabe,o,fw,29,7,2,7,0
,,,Antoine Couderc,o,mf,28,3,4,8,1
,,,Pape Ndiaye,x,gk,33,0,2,8,1
,,Dunkerque vs AJ Auxerre,Samy Baghdadi,o,fw,25,19,1,1,0
,,,M'Baye Niang,o,fw,28,81,1,1,0
,,,Yohan Bilingi,o,df,23,6,1,2,0
,,,Jubal,o,df,29,13,3,2,0
,,,Alain Ipiele,o,fw,25,29,1,3,0
,,,Julian Jeanvier,o,df,30,14,1,3,0
,,,Leverton Pierre,x,mf,24,3,4,4,0
,,,Gaetan Perrin,o,mf,26,43,2,4,0
,,,Rayan Ghrieb,o,mf,23,32,1,5,1
,,,Birama Toure,o,mf,30,8,7,5,1
,,Pays de Grasse vs Rodez AF,Youssef Gazzaoui,o,df,26,1,1,1,0
,,,Serge-Philippe Raux,o,df,23,2,2,1,0
,,,Dame Gueye,x,fw,27,42,2,2,0
,,,Eric-Vandenabeele,x,df,31,15,1,2,0
,,,Herman Ako,o,mf,29,9,3,3,0
,,,Akim Abdallah,x,df,25,1,1,3,0
,,,Vincent Muratori,o,df,35,2,3,4,0
,,,Bradley Danger,o,df,24,12,2,4,0
,,,Aymen Souda,x,mf,29,21,1,5,0
,,,Andy Pembele,o,fw,22,9,1,5,0
,,,Kevin Chatelain,o,df,28,1,3,6,0
,,,Wilitty Younoussa,o,mf,21,2,1,6,0
,,,Nicolas Medjian,x,mf,34,4,3,7,1
,,,Remy Boissier,o,mf,28,24,4,7,1
,,Lorient vs SC Bastia,Quentin Boisgard,o,mf,25,12,3,1,0
,,,Frank Magri,o,fw,23,30,2,1,0
,,,Darlin Yongwa,o,df,22,1,1,2,0
,,,Kapit Djoco,x,fw,27,41,1,2,0
,,,Theo Le Bris,o,mf,20,4,4,3,0
,,,Kylian Kaiboue,x,mf,24,10,2,3,0
,,,Laurent Abergel,o,mf,29,9,4,4,1
,,Annecy vs Belfort,Ahmed Kashi,o,mf,34,12,4,1,0
,,,Thomas Regnier,o,fw,38,64,8,1,0
,,,Clement Billemaz,x,fw,24,17,1,2,0
,,,Allan Ramos,x,mf,25,2,1,2,0
,,,Vincent Pajot,o,mf,32,17,1,3,0
,,,Dramane Sissoko,o,fw,24,14,1,3,0
,,,Arnold Temanfo,o,df,29,6,2,4,0
,,,Djamal Berrabha,o,fw,21,10,1,4,0
,,,Alexy Bosetti,o,fw,29,69,2,5,1
,,,Lucas Cuenin,x,df,28,11,4,5,1
,,Nantes vs ES Thaon,Evann Guessand,o,fw,21,21,1,1,0
,,,Anthony Colin,o,mf,35,3,4,1,0
,,,Jaouen Hadjam,o,df,19,0,1,2,0
,,,Karim Koriche,o,mf,28,0,3,2,0
,,,Andrei Girotto,o,df,30,30,4,3,0
,,,Theo Gazagnes,x,mf,30,13,4,3,0
,,,Ignatius Ganago,x,fw,23,35,1,4,0
,,,Victor Didierjean,x,df,28,0,4,4,0
,,,Mostafa Mohamed,o,fw,25,68,1,5,1
,,Vierzon vs Le Puy Foot,Karl Fabien,o,fw,22,10,1,1,0
,,,Mohamed Ben Fredj,o,fw,22,43,1,1,0
,,,Adel Khechim,o,mf,30,4,4,2,0
,,,Jules Meyer,o,mf,22,3,3,2,0
,,,Jean-Baptiste N'Guessan,o,df,22,1,2,3,0
,,,Yannis M'Bemba,x,df,21,1,1,3,0
,,,Mory Kone,o,df,28,1,1,4,0
,,,Ibrahim Sangare,o,fw,28,40,1,4,0
,,,Igor Bandu Fila,o,df,27,3,1,5,1
,,Angers vs Nantes,Amine Salama,x,fw,22,3,1,1,0
,,,Andy Delort,o,fw,31,135,1,1,0
,,,Faouzi Ghoulam,x,df,31,4,1,2,0
,,,Mostafa Mohamed,o,fw,25,68,1,2,0
,,,Adrien Hunou,o,fw,28,64,1,3,0
,,,Florent Mollet,o,mf,31,56,1,3,0
,,,Sada Thioub,o,fw,27,23,3,4,1
,,,Joao Victor,o,df,24,0,1,4,1
,,Paris FC vs Annecy,Khalid Boutaib,o,fw,35,86,2,1,0
,,,Kevin Farade,o,fw,27,46,1,1,0
,,,Warren Caddy,o,fw,25,33,3,2,0
,,,Kevin Mouanga,o,df,22,6,2,2,0
,,,Ilan Kebbal,x,mf,24,13,1,3,0
,,,Kevin Testud,x,fw,30,38,2,3,0
,,,Lebogang Phiri,o,mf,28,10,1,4,0
,,,Mayden El Jaouhari,o,mf,23,5,3,4,0
,,,Cyril Mandouki,x,mf,31,10,6,5,0
,,,Clement Billemaz,x,fw,24,17,1,5,0
,,,Yoan Kore,o,df,18,1,2,6,0
,,,Gaby Jean,o,df,22,1,1,6,0
,,,Florent Hanin,o,df,32,5,3,7,0
,,,Jonathan Goncalves,o,df,33,7,8,7,0
,,,Samir Chergui,x,df,23,3,3,8,1
,,,Arnold Temanfo,o,df,29,6,2,8,1
,,LOSC Lille vs Olympique Lyon,Angel Gomes,o,mf,22,40,2,1,0
,,,Corentin Tolisso,o,mf,28,51,5,1,0
,,,Remy Cabella,o,mf,32,86,1,2,0
,,,Moussa Dembele,o,fw,26,152,5,2,0
,,,Mohamed Bayo,x,fw,24,58,1,3,0
,,,Maxence Caqueret,o,mf,22,10,7,3,0
,,,Timothy Weah,x,mf,22,23,4,4,1
,,,Dejan Lovern,o,df,33,21,5,4,1
,,Lorient vs RC Lens,Enzo Le Fee,x,mf,22,8,6,1,0
,,,Przemyslaw Frankowski,o,mf,27,52,2,1,0
,,,Montassar Talbi,o,df,24,4,1,2,0
,,,Florain Sotoca,o,fw,32,61,4,2,0
,,,Sirine Doucoure,o,fw,20,11,1,3,0
,,,Adrien Thomasson,o,mf,29,57,1,3,0
,,,Ibrahima Kone,x,fw,23,35,2,4,1
,,,Facundo Medina,o,df,23,7,3,4,1
,,Annecy vs Marseille,Ahmed Kashi,x,mf,34,12,4,1,0
,,,Matteo Guendouzi,o,mf,23,10,2,1,0
,,,Yohan Demoncy,o,mf,26,9,1,2,0
,,,Alexis Sanchez,o,fw,34,194,1,2,0
,,,Kevin Mouanga,o,df,22,6,2,3,0
,,,Nuno Tavares,x,df,22,9,1,3,0
,,,Ibrahima Balde,o,fw,19,6,3,4,0
,,,Jonathan Clauss,o,df,30,37,1,4,0
,,,Gaby Jean,o,df,22,1,1,5,0
,,,Azzedine Ounahi,o,mf,22,10,1,5,0
,,,Mayden El Jaouhari,o,mf,23,5,3,6,0
,,,Vitinha,o,fw,22,44,1,6,0
,,,Steve Shamal,o,fw,26,20,1,7,0
,,,Valentin Roniger,o,mf,28,13,4,7,0
,,,Francois Lajugie,o,df,26,10,1,8,1
,,,Leonardo Balerdi,x,df,23,3,3,8,1
UEFA Champions League,2015-2016,PSV vs Atletico Madrid,Marco van Ginkel,o,mf,23,31,1,1,0
,,,Antoine Griezmann,o,fw,24,106,2,1,0
,,,Andres Guardado,o,mf,29,34,2,2,0
,,,Gabi,o,mf,32,29,10,2,0
,,,Davy Propper,o,mf,24,36,1,3,0
,,,Koke,o,mf,23,30,8,3,0
,,,Jeffrey Bruma,o,df,24,13,3,4,0
,,,Saul Niguez,o,mf,21,23,5,4,0
,,,Hector Moreno,o,df,27,22,1,5,0
,,,Fernando Torres,o,fw,31,235,9,5,0
,,,Maxime Lestienne,o,fw,23,47,1,6,0
,,,Jose Maria Gimenez,o,df,20,3,3,6,0
,,,Santiago Arias,o,df,23,6,3,7,0
,,,Filipe Luis,o,df,30,15,5,7,0
,,,Luciano Narsingh,x,fw,25,43,4,8,1
,,,Juanfran Torres,o,df,30,28,6,8,1
,,Real Mardid vs Atletico Madrid,Lucas Vazquez,o,df,24,23,4,1,0
,,,Antoine Griezmann,o,fw,24,106,2,1,0
,,,Marcelo,o,df,27,29,10,2,0
,,,Gabi,o,mf,32,29,10,2,0
,,,Gareth Bale,o,fw,26,118,3,3,0
,,,Saul Niguez,o,mf,21,23,5,3,0
,,,Sergio Ramos,o,df,29,61,11,4,0
,,,Juanfran Torres,x,df,30,28,6,4,0
,,,Cristiano Ronaldo,o,fw,30,487,7,5,1
UEFA Europa League,2015-2016,Athletic Bilbao vs Sevilla Fc,Raul Garcia,o,fw,29,78,1,1,0
,,,Coke,o,df,28,33,5,1,0
,,,Borja Viquera,o,fw,28,77,2,2,0
,,,Grzegorz Krychowiak,o,mf,25,17,2,2,0
,,,Mikel San Jose,o,mf,26,31,7,3,0
,,,Timothe Kolodziejczak,o,df,24,7,2,3,0
,,,Benat Etxebarria,x,mf,28,35,4,4,0
,,,Steven Nzonzi,o,mf,27,17,1,4,0
,,,Markel Susaeta,o,fw,28,51,10,5,1
,,,Kevin Gameiro,o,fw,28,163,3,5,1
,2016-2017,Besiktas vs Olympique Lyon,Ryan Babel,o,fw,30,85,1,1,0
,,,Nabil Fekir,o,mf,23,34,4,1,0
,,,Cenk Tosun,o,fw,25,138,3,2,0
,,,Corentin Tolisso,o,mf,22,29,4,2,0
,,,Atiba Hutchinson,o,mf,33,39,4,3,0
,,,Rachid Ghezzal,o,fw,24,15,5,3,0
,,,Tolgay Arslan,o,mf,26,48,3,4,0
,,,Maciej Rybus,o,df,27,35,1,4,0
,,,Talisca,o,mf,22,41,1,5,0
,,,Mathieu Valbuena,o,mf,32,67,2,5,0
,,,Necip Uysal,o,df,25,5,9,6,0
,,,Mouctar Diakhaby,o,df,20,5,3,6,0
,,,Dusko Tosic,x,df,31,8,2,7,0
,,,Christophe Jallet,x,df,33,28,3,7,0
,,,Matej Mitrovic,x,df,23,5,1,8,1
,,,Maxime Gonalons,o,mf,27,13,8,8,1
,2018-2019,Frankfurt vs Chelsea,Sebastian Haller,o,fw,24,92,2,1,0
,,,Ross Barkley,o,mf,25,38,2,1,0
,,,Luka Jovic,o,fw,21,53,2,2,0
,,,Cesar Azpilicueta,x,df,29,11,7,2,0
,,,Jonathan de Guzman,o,mf,31,61,2,3,0
,,,Jorginho,o,mf,27,20,1,3,0
,,,Martin Hinteregger,x,df,26,33,1,4,0
,,,David Luiz,o,df,31,32,9,4,0
,,,Goncalo Paciencia,x,fw,24,36,1,5,1
,,,Eden Hazard,o,fw,27,160,7,5,1
,2021-2022,Shreiff vs Braga,Gustavo Dulanto,x,df,26,18,2,1,0
,,,Ricardo Horta,o,fw,27,103,6,1,0
,,,Bruno,x,fw,27,24,1,2,0
,,,Al-Musrati,o,mf,25,8,2,2,0
,,,Stjepan Radeljic,x,df,24,12,2,3,0
,,,Abel Ruiz,x,fw,21,30,3,3,0
,,,Khalid Basit,o,fw,25,38,1,4,0
,,,David Carmo,x,df,22,1,4,4,0
,,,Sebastian Thill,o,mf,28,70,2,5,1
,,,Francisco Moura,o,df,22,6,3,5,1
,,Rangers vs Frankfurt,James Tavernier,o,df,30,92,7,1,0
,,,Christopher Lenz,o,df,27,15,1,1,0
,,,Steven Davis,o,mf,36,48,9,2,0
,,,Ajdin Hrustic,o,mf,25,22,2,2,0
,,,Scott Arfield,o,mf,33,81,4,3,0
,,,Daichi Kamada,o,mf,25,56,4,3,0
,,,Aaron Ramsey,x,mf,31,75,1,4,0
,,,Filip Kostic,o,mf,29,75,4,4,0
,,,Kemar Roofe,o,fw,28,130,2,5,1
,,,Rafael Borre,o,fw,26,98,1,5,1
,2022-2023,Stade Ren vs Shakhtar,Desire Doue,o,fw,17,1,2,1,0
,,,Yegor Nazaryna,o,mf,25,7,3,1,0
,,,Jeremy Doku,x,fw,20,17,3,2,0
,,,Gerogiy Sudakov,o,mf,20,11,5,2,0
,,,Birger Meling,x,df,28,12,2,3,0
,,,Artem Bondarenko,o,mf,22,23,4,3,0
,,,Amine Gouiri,o,fw,22,62,1,4,0
,,,Valeriy Bondar,x,df,23,2,6,4,0
,,,Flavien Tait,o,mf,29,32,4,5,0
,,,Danylo Sikan,x,fw,21,16,4,5,0
,,,Warmed Omari,o,df,22,1,6,6,0
,,,Yukhym Konoplya,o,df,23,4,4,6,0
,,,Lesley Ugochukwu,x,mf,18,1,4,7,1
,,,Kevin Kelsy,o,fw,18,11,1,7,1
,,Leverkusen vs AS Monaco,Sardar Azmoun,o,fw,27,115,2,1,0
,,,Axel Disasi,o,df,24,19,3,1,0
,,,Nadiem Amiri,o,mf,26,36,4,2,0
,,,Eliot Matazo,x,mf,20,3,5,2,0
,,,Edmond Tapsoba,o,df,23,20,4,3,0
,,,Breel Embolo,o,fw,25,89,1,3,0
,,,Patrick Schick,o,fw,26,82,3,4,0
,,,Kevin Volland,o,fw,30,169,3,4,0
,,,Moussa Diaby,o,fw,23,60,4,5,1
,,Sporting vs Arsenal,Jerry St. Juste,o,df,26,14,1,1,0
,,,Martin Odrgaard,o,mf,24,55,3,1,0
,,,Ricardo Esgaio,o,df,29,43,8,2,0
,,,Bukayo Saka,o,fw,21,60,6,2,0
,,,Goncalo Inacio,o,df,21,11,4,3,0
,,,Leandro Trossard,o,fw,28,102,1,3,0
,,,Arthur Gomes,o,fw,24,26,1,4,0
,,,Gabriel Martinelli,x,fw,21,39,4,4,0
,,,Nuno Santos,o,df,27,51,3,5,1
,,Sevilla vs AS Roma,Lucas Ocampos,o,fw,28,91,4,1,0
,,,Bryan Cristante,o,mf,27,35,5,1,0
,,,Erik Lamela,o,fw,30,76,2,2,0
,,,Gianluca Mancini,x,df,26,19,4,2,0
,,,Ivan Rakitic,o,mf,34,120,7,3,0
,,,Roger Ibanez,x,df,24,11,4,3,0
,,,Gonzalo Montiel,o,df,25,9,2,4,1
UEFA Conference League,2021-2022,PAOK vs Midtiylland,Antonio Colak,o,fw,28,151,2,1,0
,,,Max Meyer,x,mf,26,66,1,1,0
,,,Sidcley,o,df,28,16,1,2,0
,,,Joel Andersson,o,df,25,21,4,2,0
,,,Stefan Schwab,o,mf,31,100,2,3,0
,,,Nikolas Dyhr,o,df,20,3,4,3,0
,,,Alexandru Mitrita,o,fw,26,64,1,4,0
,,,Victor Lind,o,fw,18,44,3,4,0
,,,Jasmin Kurtic,o,mf,32,52,1,5,1
,2022-2023,KAA Gent vs Qarabag,Julien De Sart,o,mf,28,25,2,1,0
,,,Richard Almeyda,o,mf,33,66,10,1,0
,,,Hugo Cuypers,o,fw,25,82,1,2,0
,,,Adama Diakhaby,o,fw,26,12,1,2,0
,,,Gift Orban,o,fw,20,39,1,3,0
,,,Toral Bayramov,o,df,21,5,4,3,0
,,,Sulayman Marreh,o,mf,26,8,4,4,0
,,,Yassine Benzia,x,mf,28,25,1,4,0
,,,Cederick Van Daele,o,df,22,12,1,5,1
,,Ludogorets vs Anderlecht,Pipa,x,df,24,2,1,1,0
,,,Lior Refaelov,o,mf,36,153,2,1,0
,,,Dominik Yankov,x,mf,22,24,5,2,0
,,,Jan Vertonghen,o,df,35,50,1,2,0
,,,Pedro Naressi,x,mf,24,6,1,3,1
,,,Yari Verschaeren,o,mf,21,23,6,3,1
,,FC Basel vs Slovan Bratislava,Andy Diouf,o,mf,19,3,1,1,0
,,,Juraj Kucka,x,mf,35,65,1,1,0
,,,Zeki Amdouni,o,fw,22,72,1,2,0
,,,Tigran Barseghyan,x,fw,29,79,2,2,0
,,,Riccardo Calafiori,o,df,20,7,1,3,0
,,,Lucas Lovat,o,df,25,5,4,3,0
,,,Darian Males,o,mf,21,45,3,4,1
,,Alkmaar vs Anderlecht,Jordy Clasie,o,mf,31,22,4,1,0
,,,Jan Vertonghen,x,df,35,50,1,1,0
,,,Yukinari Sugawara,o,df,22,11,4,2,0
,,,Marco Kana,o,mf,20,1,4,2,0
,,,Tijjani Reijnders,o,mf,24,35,6,3,0
,,,Killian Sardella,x,df,20,3,4,3,0
,,,Mexx Meerdink,o,fw,19,46,4,4,1
